sample_id,artifact_type,artifact_id,text,final_label
P001,commit,fecdb77d38dca7ba399d772bb2f897d907b8218e,feat(core): add mode parameter and rate limiter config - Added explicit 'mode' parameter (sync/async) to LightApi - Added rate_limiter parameter for test configuration - Added reset() method to RateLimiter for testing - Updated SessionManager integration,refinement
P001,commit,b8ede24148133044ef7041e7cc8ec21cf876b9c9,docs: update authentication imports and add new features documentation - Update import paths to use lightapi.authentication module - Add documentation for validate_credentials() override - Add rate limiter configuration documentation - Document auto-detect mode and dict response support,none
P001,commit,2d5f7abc6206b37aac6c016880016e459f5ace0d,"chore: sync pyproject.toml version to 0.1.12 to unblock CI publish The auto-bump workflow incremented 0.1.11?0.1.12 and built the wheel, but failed to commit the bump because the PyPI upload errored (file already exists). This re-syncs the local version so the next CI run increments to 0.1.13 instead of retrying the already-published 0.1.12.",none
P001,commit,eff1ccf8618c4581c5f09f5178bd2f9c26d5cf5f,"fix(docker): publish under iklob1/lightapi instead of iklobato/lightapi The DOCKERHUB_TOKEN authenticates against the Docker Hub account `iklob1` (verified by a successful `docker login -u iklob1`), not the GitHub-username `iklobato`. Updated the image references in: - .github/workflows/docker-publish.yml — image and job name - README.md — Docker quickstart pull line - docker/lightapi.example.yaml — header comment - docs/deployment/docker.md — every image reference + secret table `github.com/iklobato/...` URLs are unchanged (still the GitHub repo).",refinement
P001,issue,28,"RestEndpoint: filter() ignores combined chained calls when one of them is empty ## What happened When chaining `filter()` calls on a `RestEndpoint`, if any intermediate filter passes an empty list, the final query silently returns all rows instead of an empty set. ```python results = ( User.objects .filter(role__in=[]) # empty input .filter(is_active=True) ) # expected: 0 rows # actual: every active user ``` ## Why this is bad It's an easy footgun in views that build filter chains dynamically from query params — empty multi-select inputs are common, and returning the entire table instead of an empty result set is a real data-leak risk in admin views. ## Suggested fix Short-circuit `filter(<param>__in=[])` to an always-false predicate before the next `filter()` resolves the chain, mirroring Django ORM behaviour. ## Environment - lightapi 0.x (latest `master`) - Python 3.11, SQLite + Postgres reproduce identically.",problem_identification
P001,issue,32,briar e2e test: add a docstring to RestEndpoint.get Test issue created by the briar runbook e2e flow. Minimal request: please add a one-line docstring to the `RestEndpoint.get()` method explaining that it returns the resource matching the given filters. (Auto-cleanup at the end of the test run.),problem_identification
P001,issue,25,briar smoke test: end-to-end tool-registry + credential vault check Created by `briar tool invoke github.open_issue` as a smoke test of the briar agent-crew backend. What this exercises: - secrets_vault: GITHUB_TOKEN is stored encrypted at rest (Fernet) and decrypted at runtime - tool registry: `github.open_issue` resolved from `apps.crew_runtime.tools_github` - credential injection: `wrap_tool` reads `credentials_ref` and passes `token=...` to the impl - HTTP layer: real call to https://api.github.com/repos/iklobato/lightapi/issues Safe to close — no code or workflow changes involved.,experimentation
P001,issue,26,"briar smoke test #2: full pipeline (issue + commit + PR) Created by the briar agent-crew backend to exercise the **full** PR pipeline: 1. **github.open_issue** — this issue 2. **github.commit_files** — adds `.briar-smoke-1778801767.md` on a fresh branch 3. **github.open_pr** — opens a PR back to `master` referencing this issue All three tools are invoked via briar's `tool invoke` command, which exercises the secrets vault (encrypted GITHUB_TOKEN), the tool registry (`apps.crew_runtime.tools`), and the credential-injection wrapper (`wrap_tool`). Safe to close; the linked PR can be closed without merging.",experimentation
P001,issue_comment,4493667124,Closing — briar e2e smoke test complete.,experimentation
P001,pull_request,29,"Test & fix all features + align docs with current implementation ## Summary Brings dev fully in sync with current implementation, with bug fixes, example overhaul, and documentation updates. ### Fixes - 8 failing tests now pass (cache mocks pointed at the actual call site; queryset/rest tests register endpoints before accessing `_model_class` / `__table__`). - `examples/01_minimal.py` `sqlite:///:memory:` needs `StaticPool` + `check_same_thread=False` to keep tables visible across requests. - `examples/15_yaml_config.py`: `bio` field marked `optional: true`. - `examples/17_relationships.py`: real foreign-key setup matching docstring. - `examples/18_full_api.py`: `AuditMiddleware` was calling `JSONResponse(json=...)`, swallowed the resulting `TypeError`, and never added the X-Response-Time header. Simplified to set the header directly. - Removed unused imports; `lightapi/lightapi.py` repointed re-exported `_map_reflected` to the canonical `lightapi.table_mapping` import. ### Examples - All numbered examples now default to in-memory SQLite (with `StaticPool` / `aiosqlite`) so they work out of the box. Each docstring documents how to swap `DATABASE_URL` for PostgreSQL. - `postgres_full.py` left intact as the explicit PostgreSQL demo. ### Tests - `tests/test_examples_e2e.py` (20 new tests): loads every example via `runpy.run_path`, captures the `LightApi` instance, and exercises the HTTP flow documented in each example's docstring through `TestClient`. - Autouse fixture resets the global SQLAlchemy registry/metadata between tests so same-named endpoint classes across examples don't collide. ### Docs - `LightApi(...)` constructor reference now lists every public parameter in `api-reference/core.md`, `technical-reference/core-api.md`, and `getting-started/configuration.md`: `mode`, `auth_path`, `session_manager`, `rate_limiter`, `login_validator`, `use_test_isolation`. - Authentication docs reflect the real auto-registered `POST /auth/login` flow (was previously documented as ""LightAPI does not include a login endpoint""). Added `login_validator` examples. - Corrected the snake_case table-name claim (actual rule is `name.lower() + ""s""`). - Fixed documented `update()` / `_update_async()` signatures. - New `docs/advanced/rate-limiting.md` documents the `RateLimiter` public export. ## Test plan - [x] `pytest tests/` — 321 passing locally (was 293) - [x] `ruff check .` — clean - [x] `mypy lightapi/` — clean - [x] `mkdocs build` — builds cleanly - [ ] CI on this PR passes Auto-deployment via `python-publish.yml` will bump the patch version, push to PyPI, and create a GitHub release once this merges to master.",refinement
P001,pull_request,24,"feat: add login authentication and rate limiting features - Add _login.py module for login authentication - Add rate_limiter.py module for request rate limiting - Update auth.py with authentication improvements - Update yaml_loader.py and config.py for better configuration handling - Add test_login_auth.py for login authentication tests - Update existing tests and documentation - Update dependencies in uv.lock <!-- This is an auto-generated comment: release notes by coderabbit.ai --> ## Summary by CodeRabbit * **New Features** * Token-based authentication (configurable keys, algorithms, expirations) and Basic auth with pluggable credential validation * Class-level reserved JWT claims for consistent validation * Optional login rate limiting * **Bug Fixes** * Clearer errors for invalid login validators * More robust request body parsing during login * **Documentation** * Clarified guidance on rate-limiter behavior in multi-process deployments * **Tests** * Updated tests to reflect authentication claim name changes and login validator handling <!-- end of auto-generated comment: release notes by coderabbit.ai -->",refinement
P001,pull_request,27,"briar smoke test #2: closes #26 ## Summary End-to-end smoke test of the briar agent-crew backend. This PR was created by chaining three briar tool invocations: 1. `github.open_issue` ? opened the linked issue 2. `github.commit_files` ? created branch `briar/smoke-1778801767` and committed a marker file 3. `github.open_pr` ? opened this PR Closes #26. ## What it exercises - **secrets_vault** — `GITHUB_TOKEN` fetched from the encrypted vault and injected as `token=` kwarg by `wrap_tool` - **tool registry** — three different impls (`github.open_issue`, `github.commit_files`, `github.open_pr`) resolved from `apps.crew_runtime.tools_github` - **side-effect classification** — all three are `mutate`, so the retry wrapper deliberately did not auto-retry on errors - **CLI Docker wrapper** — all three invocations went through `./bin/briar tool invoke` which runs inside the project's `web` container Safe to close without merging.",experimentation
P001,pull_request,30,"feat(docker): publish ready-to-use iklobato/lightapi image ## Summary Adds an official Docker image so users can run a fully-functional LightAPI server by mounting a YAML config — no Python install, no build step. ```bash docker run --rm -p 8000:8000 \ -v ""$(pwd)/lightapi.yaml:/app/lightapi.yaml:ro"" \ -e DATABASE_URL=sqlite:////app/data.db \ iklobato/lightapi:latest ``` ## What ships - **`Dockerfile`** — `python:3.12-slim`, installs `lightapi[async]` + `psycopg2-binary`, drops to a non-root user. `LIGHTAPI_VERSION` build arg pins the wheel. - **`docker/entrypoint.py`** — loads `/app/lightapi.yaml` (overridable via `LIGHTAPI_CONFIG`), builds the Starlette app, and starts uvicorn with `proxy_headers=True`. - **`docker/lightapi.example.yaml`** — minimal config used as a smoke-test fixture. - **`.github/workflows/docker-publish.yml`** — multi-arch (`linux/amd64`, `linux/arm64`) build that pushes to `iklobato/lightapi` on `master` push and on `v*.*.*` tags. - **`docs/deployment/docker.md`** — complete rewrite covering quickstart, env vars, docker compose + PostgreSQL, JWT-auth setup, and the publish pipeline. - **`README.md`** — added a Docker quickstart block. ## Verified locally ``` docker build --build-arg LIGHTAPI_VERSION=0.1.21 -t lightapi:smoke . docker run -d --rm --name lightapi-smoke -p 18000:8000 \ -v ""$(pwd)/docker/lightapi.example.yaml:/app/lightapi.yaml:ro"" \ -e DATABASE_URL=sqlite:////tmp/data.db lightapi:smoke ``` All endpoints returned correct responses: empty list ? POST creates row ? GET returns it with pagination envelope. ## Required setup before merge The workflow needs two repository secrets. **Before merging this PR**: ```bash gh secret set DOCKERHUB_USERNAME --body ""iklobato"" gh secret set DOCKERHUB_TOKEN --body ""<your-dockerhub-access-token>"" ``` The Docker Hub token needs **Read, Write, Delete** scope on `iklobato/lightapi` (generate at https://hub.docker.com/settings/security). ## Tag schedule | Event | Tags pushed | |---|---| | Push of `v0.1.22` | `iklobato/lightapi:0.1.22`, `:0.1`, `:latest` | | Push to `master` | `iklobato/lightapi:master` | | Manual `workflow_dispatch` | `iklobato/lightapi:manual-<run-number>` | ## Test plan - [x] Local `docker build` succeeds on darwin/arm64 - [x] `docker run` with the example YAML responds 200/201 on documented routes - [ ] Set `DOCKERHUB_USERNAME` + `DOCKERHUB_TOKEN` secrets - [ ] `docker-publish.yml` succeeds on master merge - [ ] `docker pull iklobato/lightapi:latest` works from an unrelated machine",refinement
P001,pull_request_review,3919360839,"**Actionable comments posted: 4** > [!CAUTION] > Some comments are outside the diff and can’t be posted inline due to platform limitations. > > > > <details> > <summary>?? Outside diff range comments (3)</summary><blockquote> > > <details> > <summary>lightapi/auth.py (1)</summary><blockquote> > > `22-44`: _?? Potential issue_ | _?? Major_ > > **`BaseAuthentication` and `JWTAuthentication` are marked frozen in repo rules.** > > This PR edits both class bodies directly. Please move these extensions behind a new module or adapter instead of changing the frozen implementations. > > > As per coding guidelines, ""Do not modify lightapi/auth.py: JWTAuthentication and BaseAuthentication class bodies are FROZEN"". > > > Also applies to: 61-156 > > <details> > <summary>?? Prompt for AI Agents</summary> > > ``` > Verify each finding against the current code and only fix it if needed. > > In `@lightapi/auth.py` around lines 22 - 44, You modified frozen class bodies > BaseAuthentication and JWTAuthentication in lightapi/auth.py; revert those > changes and implement your behavior in a new adapter module (e.g., auth_adapter) > that subclasses or wraps BaseAuthentication/JWTAuthentication instead of editing > them. Create a new class (e.g., AdapterJWTAuthentication or > AuthenticationAdapter) that implements authenticate(request: Request) -> bool > and get_auth_error_response(request: Request) -> JSONResponse, delegate to the > original JWTAuthentication/BaseAuthentication for shared logic, and update call > sites to import and use the adapter class rather than the frozen classes. Ensure > you reference the original symbols BaseAuthentication, JWTAuthentication, > authenticate, and get_auth_error_response when locating where to delegate or > replace usage. > ``` > > </details> > > </blockquote></details> > <details> > <summary>lightapi/lightapi.py (2)</summary><blockquote> > > `593-596`: _?? Potential issue_ | _?? Major_ > > **Use the backend's auth-error response here.** > > This hard-coded 401 drops backend-specific behavior. In particular, Basic auth can never emit its `WWW-Authenticate` challenge while `_check_auth()` returns this generic JSON body instead. > > > <details> > <summary>??? Possible fix</summary> > > ```diff > - if not authenticator.authenticate(request): > - return JSONResponse( > - {""detail"": ""Authentication credentials invalid.""}, status_code=401 > - ) > + if not authenticator.authenticate(request): > + return authenticator.get_auth_error_response(request) > ``` > </details> > > <details> > <summary>?? Prompt for AI Agents</summary> > > ``` > Verify each finding against the current code and only fix it if needed. > > In `@lightapi/lightapi.py` around lines 593 - 596, Replace the hard-coded > JSONResponse used when authentication fails so backend-specific behavior (e.g., > WWW-Authenticate header for Basic auth) is preserved: instead of returning > JSONResponse({""detail"": ""Authentication credentials invalid.""}, status_code=401) > in the block that checks authenticator.authenticate(request), call the > authenticator's auth-error response helper (e.g., > authenticator.auth_error_response(request) or > authenticator.get_auth_error_response(request)) and return that response; if the > authenticator has no such method provide a fallback that preserves > headers/status from the backend (including WWW-Authenticate) rather than > emitting the static JSONResponse. Ensure this change is applied where > authenticator.authenticate(request) is tested (and in any related _check_auth() > flow). > ``` > > </details> > > --- > > `56-90`: _?? Potential issue_ | _?? Major_ > > **Please move these auth changes out of the frozen legacy entrypoint.** > > This file is preserved for the `__init__.py` rewrite, so adding auth-route registration, limiter wiring, and `_check_auth()` changes here breaks the repo contract and makes the planned migration harder. > > > As per coding guidelines, ""Do not modify lightapi/lightapi.py; it is preserved as legacy until __init__.py rewrite absorbs it"". > > > Also applies to: 163-258, 553-596 > > <details> > <summary>?? Prompt for AI Agents</summary> > > ``` > Verify each finding against the current code and only fix it if needed. > > In `@lightapi/lightapi.py` around lines 56 - 90, Revert the auth-related wiring > added inside the LightAPI constructor: remove any registration of auth routes, > rate-limiter setup/assignment to _auth_rate_limiter, and any modifications to or > calls of _check_auth in lightapi.py; keep only storing login_validator and > calling set_login_validator(login_validator) as before. Specifically undo > additions that introduce or use attributes _auth_path, _auth_rate_limiter, > auth-route registration code, and any new _check_auth logic in the LightAPI > __init__ (constructor) so this legacy entrypoint remains unchanged; move the > auth-route registration and limiter wiring into the new/init entrypoint where > auth is intended to be implemented. Ensure set_login_validator and > login_validator handling remain intact and nothing else related to routing or > rate-limiting is wired here. > ``` > > </details> > > </blockquote></details> > > </blockquote></details> <details> <summary>?? Duplicate comments (2)</summary><blockquote> <details> <summary>lightapi/_login.py (1)</summary><blockquote> `57-59`: _?? Potential issue_ | _?? Major_ **Make this Basic-scheme guard case-insensitive too.** `_parse_basic_header()` already supports `basic`, but this pre-check still requires the exact `Basic ` prefix. Lowercase variants fall through to body parsing and hit the wrong auth/error path. <details> <summary>??? Possible fix</summary> ```diff auth_header = request.headers.get(""Authorization"") - if auth_header and auth_header.startswith(""Basic ""): - return _parse_basic_header(auth_header) + if auth_header: + parts = auth_header.split(None, 1) + if len(parts) == 2 and parts[0].lower() == ""basic"": + return _parse_basic_header(auth_header) ``` </details> <details> <summary>?? Prompt for AI Agents</summary> ``` Verify each finding against the current code and only fix it if needed. In `@lightapi/_login.py` around lines 57 - 59, The Authorization header guard currently checks for auth_header.startswith(""Basic "") which is case-sensitive and lets lowercase ""basic "" fall through; update the guard in the handler that reads request.headers.get(""Authorization"") to perform a case-insensitive scheme check (e.g., compare auth_header[:6].lower() == ""basic "" or lower()/startswith on a lowercase copy) and still call _parse_basic_header(auth_header) when matched so _parse_basic_header (which already accepts ""basic"") is used for any case variant. ``` </details> </blockquote></details> <details> <summary>lightapi/lightapi.py (1)</summary><blockquote> `183-188`: _?? Potential issue_ | _?? Major_ **Only auto-register `/auth` routes when login support is actually configured.** Right now any JWT/Basic backend triggers built-in login routes, a fixed limiter, and a startup failure when `login_validator` is absent. Basic auth really does need the validator, but JWT-only apps can validate externally issued tokens without it; this is also where the current `ConfigurationError`/429 test failures are coming from. Also applies to: 190-194 <details> <summary>?? Prompt for AI Agents</summary> ``` Verify each finding against the current code and only fix it if needed. In `@lightapi/lightapi.py` around lines 183 - 188, The current check using auth_backends & {JWTAuthentication, BasicAuthentication} wrongly triggers auto-registration of /auth routes, creation of self._auth_rate_limiter, and a startup ConfigurationError even for JWT-only apps without a login_validator; change the conditional logic so /auth routes and the RateLimiter (self._auth_rate_limiter) are only created when login support is actually configured: require either a provided login_validator or the presence of BasicAuthentication (which must still raise ConfigurationError if login_validator is missing), while JWT-only backends without login_validator should skip route registration and not instantiate the limiter; update the checks around auth_backends, login_validator, and the /auth registration code paths to reflect this behavior. ``` </details> </blockquote></details> </blockquote></details> <details> <summary>?? Prompt for all review comments with AI agents</summary> ``` Verify each finding against the current code and only fix it if needed. Inline comments: In `@lightapi/auth.py`: - Around line 202-212: The 401 response from get_auth_error_response currently lacks the WWW-Authenticate header required for HTTP Basic challenge; update get_auth_error_response to return the JSONResponse with a WWW-Authenticate header (e.g. 'Basic realm=""Authentication Required""') so clients/browsers trigger the Basic auth flow—use the JSONResponse headers parameter (or equivalent on JSONResponse) to set 'WWW-Authenticate' and keep the existing body and 401 status code. In `@lightapi/config.py`: - Around line 73-75: Validate and reject reserved JWT claim names in the configuration so invalid settings fail at startup: in the config initialization where jwt_extra_claims and jwt_expiration are set (the attribute jwt_extra_claims), check the provided jwt_extra_claims against the reserved claim set used by JWTAuthentication.generate_token (e.g., ""exp"", ""iat"", ""nbf"", ""iss"", ""aud"", ""sub"", ""jti""); if any reserved names are present, raise ConfigurationError with a clear message identifying the offending claim(s) so the error surfaces at config time rather than causing a 500 during JWTAuthentication.generate_token(). In `@lightapi/rate_limiter.py`: - Around line 192-194: The wrapper coroutine currently treats the tuple returned by _auth_rate_limiter.is_rate_limited(...) as a boolean; unpack the return into (is_limited, window) and branch on is_limited, e.g. call _auth_rate_limiter.get_rate_limit_response(request, window) only when is_limited is True so the wrapped endpoint can run when not rate limited; update the wrapper signature where it calls is_rate_limited and pass the unpacked window into get_rate_limit_response. In `@lightapi/yaml_loader.py`: - Around line 436-462: The merge loop currently carries backend and jwt_* fields forward but never merges defaults.authentication.permission, so when meta.methods is a dict and the default permission only exists in defaults the permission_map remains empty and _check_auth() falls back to AllowAny; fix by adding a merged_permission variable (e.g., merged_permission = None), populate it from the same loop by checking source.permission, and then incorporate it into the permission_map logic before creating the Authentication object (either by using merged_permission as a fallback when permission_map is empty or by merging keys from merged_permission into permission_map), then pass the resulting permission_map into Authentication(permission=...) so defaults.authentication.permission is honored. --- Outside diff comments: In `@lightapi/auth.py`: - Around line 22-44: You modified frozen class bodies BaseAuthentication and JWTAuthentication in lightapi/auth.py; revert those changes and implement your behavior in a new adapter module (e.g., auth_adapter) that subclasses or wraps BaseAuthentication/JWTAuthentication instead of editing them. Create a new class (e.g., AdapterJWTAuthentication or AuthenticationAdapter) that implements authenticate(request: Request) -> bool and get_auth_error_response(request: Request) -> JSONResponse, delegate to the original JWTAuthentication/BaseAuthentication for shared logic, and update call sites to import and use the adapter class rather than the frozen classes. Ensure you reference the original symbols BaseAuthentication, JWTAuthentication, authenticate, and get_auth_error_response when locating where to delegate or replace usage. In `@lightapi/lightapi.py`: - Around line 593-596: Replace the hard-coded JSONResponse used when authentication fails so backend-specific behavior (e.g., WWW-Authenticate header for Basic auth) is preserved: instead of returning JSONResponse({""detail"": ""Authentication credentials invalid.""}, status_code=401) in the block that checks authenticator.authenticate(request), call the authenticator's auth-error response helper (e.g., authenticator.auth_error_response(request) or authenticator.get_auth_error_response(request)) and return that response; if the authenticator has no such method provide a fallback that preserves headers/status from the backend (including WWW-Authenticate) rather than emitting the static JSONResponse. Ensure this change is applied where authenticator.authenticate(request) is tested (and in any related _check_auth() flow). - Around line 56-90: Revert the auth-related wiring added inside the LightAPI constructor: remove any registration of auth routes, rate-limiter setup/assignment to _auth_rate_limiter, and any modifications to or calls of _check_auth in lightapi.py; keep only storing login_validator and calling set_login_validator(login_validator) as before. Specifically undo additions that introduce or use attributes _auth_path, _auth_rate_limiter, auth-route registration code, and any new _check_auth logic in the LightAPI __init__ (constructor) so this legacy entrypoint remains unchanged; move the auth-route registration and limiter wiring into the new/init entrypoint where auth is intended to be implemented. Ensure set_login_validator and login_validator handling remain intact and nothing else related to routing or rate-limiting is wired here. --- Duplicate comments: In `@lightapi/_login.py`: - Around line 57-59: The Authorization header guard currently checks for auth_header.startswith(""Basic "") which is case-sensitive and lets lowercase ""basic "" fall through; update the guard in the handler that reads request.headers.get(""Authorization"") to perform a case-insensitive scheme check (e.g., compare auth_header[:6].lower() == ""basic "" or lower()/startswith on a lowercase copy) and still call _parse_basic_header(auth_header) when matched so _parse_basic_header (which already accepts ""basic"") is used for any case variant. In `@lightapi/lightapi.py`: - Around line 183-188: The current check using auth_backends & {JWTAuthentication, BasicAuthentication} wrongly triggers auto-registration of /auth routes, creation of self._auth_rate_limiter, and a startup ConfigurationError even for JWT-only apps without a login_validator; change the conditional logic so /auth routes and the RateLimiter (self._auth_rate_limiter) are only created when login support is actually configured: require either a provided login_validator or the presence of BasicAuthentication (which must still raise ConfigurationError if login_validator is missing), while JWT-only backends without login_validator should skip route registration and not instantiate the limiter; update the checks around auth_backends, login_validator, and the /auth registration code paths to reflect this behavior. ``` </details> --- <details> <summary>?? Review info</summary> <details> <summary>?? Run configuration</summary> **Configuration used**: defaults **Review profile**: CHILL **Plan**: Pro **Run ID**: `9e212585-5b21-4714-ae79-59b3274dbf66` </details> <details> <summary>?? Commits</summary> Reviewing files that changed from the base of the PR and between 91cf264b512ead31b2e34380940e5fbac59497e0 and a92eb5df41d902d6f334d008b0505828c643d909. </details> <details> <summary>?? Files selected for processing (9)</summary> * `docs/examples/yaml-configuration.md` * `lightapi/_login.py` * `lightapi/auth.py` * `lightapi/config.py` * `lightapi/lightapi.py` * `lightapi/rate_limiter.py` * `lightapi/yaml_loader.py` * `tests/test_auth.py` * `tests/test_yaml_config.py` </details> <details> <summary>?? Files skipped from review as they are similar to previous changes (1)</summary> * docs/examples/yaml-configuration.md </details> </details> <!-- This is an auto-generated comment by CodeRabbit for review status -->",problem_identification
P001,pull_request_review,3925677232,"> [!CAUTION] > Some comments are outside the diff and can’t be posted inline due to platform limitations. > > > > <details> > <summary>?? Outside diff range comments (1)</summary><blockquote> > > <details> > <summary>tests/test_yaml_config.py (1)</summary><blockquote> > > `358-381`: _?? Potential issue_ | _?? Critical_ > > **Critical: IndentationError breaks test execution.** > > Line 375 has incorrect indentation. The `app = _from_str(...)` statement is indented to match the content inside the multiline string, but it should be dedented to align with the `content = ...` assignment at line 359. This causes the pipeline failure. > > > <details> > <summary>?? Proposed fix</summary> > > ```diff > meta: > methods: [GET] > """""" > - app = _from_str(content, login_validator=_dummy_login_validator) > + app = _from_str(content, login_validator=_dummy_login_validator) > # The validator from YAML should be resolved and used > assert app._login_validator is test_validator > finally: > ``` > </details> > > <details> > <summary>?? Prompt for AI Agents</summary> > > ``` > Verify each finding against the current code and only fix it if needed. > > In `@tests/test_yaml_config.py` around lines 358 - 381, The test has an > IndentationError because the app = _from_str(...) line is over-indented inside > the triple-quoted content block; move the app = _from_str(...) call to the same > indentation level as the content = """"""..."""""" assignment so it is not part of the > string literal, then keep the assertion assert app._login_validator is > test_validator and the cleanup delattr(tests.test_yaml_config, > ""test_validator_func"") at the same outer block level; this fixes the indentation > issue around the _from_str, test_validator_func and _dummy_login_validator > usage. > ``` > > </details> > > </blockquote></details> > > </blockquote></details> <details> <summary>?? Nitpick comments (1)</summary><blockquote> <details> <summary>tests/test_login_auth.py (1)</summary><blockquote> `51-63`: **Consider using a public API or fixture parameter for disabling rate limiting.** Directly mutating the private attribute `_auth_rate_limiter` works (the handler safely checks for `None`), but accessing private internals couples tests to implementation details. Consider whether LightApi should expose a constructor parameter like `auth_rate_limiter=None` or a test mode flag for cleaner test configuration. <details> <summary>?? Prompt for AI Agents</summary> ``` Verify each finding against the current code and only fix it if needed. In `@tests/test_login_auth.py` around lines 51 - 63, The test directly mutates the private attribute _auth_rate_limiter in the jwt_client fixture which couples tests to internals; update the LightApi constructor to accept a public parameter (e.g., auth_rate_limiter=None or disable_auth_rate_limiter=True) and default to the current behavior, then change the jwt_client fixture to pass that parameter (e.g., LightApi(engine=engine, login_validator=_valid_validator, auth_rate_limiter=None) or LightApi(..., disable_auth_rate_limiter=True)); ensure the LightApi class uses the new constructor argument instead of relying on a private attribute so tests can disable rate limiting via the public API rather than mutating _auth_rate_limiter. ``` </details> </blockquote></details> </blockquote></details> <details> <summary>?? Prompt for all review comments with AI agents</summary> ``` Verify each finding against the current code and only fix it if needed. Outside diff comments: In `@tests/test_yaml_config.py`: - Around line 358-381: The test has an IndentationError because the app = _from_str(...) line is over-indented inside the triple-quoted content block; move the app = _from_str(...) call to the same indentation level as the content = """"""..."""""" assignment so it is not part of the string literal, then keep the assertion assert app._login_validator is test_validator and the cleanup delattr(tests.test_yaml_config, ""test_validator_func"") at the same outer block level; this fixes the indentation issue around the _from_str, test_validator_func and _dummy_login_validator usage. --- Nitpick comments: In `@tests/test_login_auth.py`: - Around line 51-63: The test directly mutates the private attribute _auth_rate_limiter in the jwt_client fixture which couples tests to internals; update the LightApi constructor to accept a public parameter (e.g., auth_rate_limiter=None or disable_auth_rate_limiter=True) and default to the current behavior, then change the jwt_client fixture to pass that parameter (e.g., LightApi(engine=engine, login_validator=_valid_validator, auth_rate_limiter=None) or LightApi(..., disable_auth_rate_limiter=True)); ensure the LightApi class uses the new constructor argument instead of relying on a private attribute so tests can disable rate limiting via the public API rather than mutating _auth_rate_limiter. ``` </details> --- <details> <summary>?? Review info</summary> <details> <summary>?? Run configuration</summary> **Configuration used**: defaults **Review profile**: CHILL **Plan**: Pro **Run ID**: `22966b9b-587c-414d-b083-68f47ad79113` </details> <details> <summary>?? Commits</summary> Reviewing files that changed from the base of the PR and between 62ae56b153d61b326a9e8617bf804cea42c1201e and 5e184d01fb0c0bbb85d9503a857930e0fc51a9d2. </details> <details> <summary>?? Files selected for processing (2)</summary> * `tests/test_login_auth.py` * `tests/test_yaml_config.py` </details> </details> <!-- This is an auto-generated comment by CodeRabbit for review status -->",problem_identification
P001,pull_request_review,3919455547,"**Actionable comments posted: 4** <details> <summary>?? Duplicate comments (2)</summary><blockquote> <details> <summary>lightapi/rate_limiter.py (2)</summary><blockquote> `83-90`: _?? Potential issue_ | _?? Major_ **Don't fall back to forwarded headers without explicit proxy trust.** If `request.client` is unavailable, these headers become the bucket key even though they are client-controlled unless the app has trusted-proxy handling. That still leaves an auth-rate-limit bypass by rotating header values. Safer default is to keep a fixed fallback here and only parse forwarded headers behind an explicit `trust_proxy` / `trusted_proxies` setting. <details> <summary>?? Prompt for AI Agents</summary> ``` Verify each finding against the current code and only fix it if needed. In `@lightapi/rate_limiter.py` around lines 83 - 90, The code falls back to client-controlled forwarded headers when request.client is missing; change get-client-ip logic to only parse X-Forwarded-For/X-Real-IP/X-Client-IP when an explicit trust setting is enabled. Add/consume a trust_proxy (bool) or trusted_proxies (list) flag on the rate limiter or calling context, check request.client first, and if missing only inspect forwarded headers when trust_proxy is true (or the parsed IP is validated against trusted_proxies); otherwise keep the fixed fallback (e.g., ""0.0.0.0""). Update the logic around request.client and request.headers to gate header parsing on trust_proxy/trusted_proxies. ``` </details> --- `118-130`: _?? Potential issue_ | _?? Minor_ **Return the window that actually keeps the client blocked.** `is_rate_limited()` stops at the first exceeded window, and `get_rate_limit_response()` replies with a full 60/3600/86400-second delay from “now”. If minute and hour/day are exhausted together, the response can tell clients to retry at the wrong time. Pick the window with the latest next-available timestamp and derive `Retry-After` / `X-RateLimit-Reset` from that bucket’s stored timestamps. Also applies to: 139-167 </blockquote></details> </blockquote></details> <details> <summary>?? Nitpick comments (2)</summary><blockquote> <details> <summary>lightapi/auth.py (1)</summary><blockquote> `187-190`: **Avoid catching bare `Exception`.** Catching bare `Exception` masks all errors including programming bugs. Consider catching specific exceptions that the validator might raise, or at minimum re-raise unexpected exceptions after logging. <details> <summary>Suggested approach</summary> ```diff try: payload = validator(username, password) - except Exception: + except (ValueError, TypeError, LookupError) as exc: + # Log the error for debugging if needed return False ``` Alternatively, if the validator contract is well-defined, document what exceptions it may raise and catch only those. </details> <details> <summary>?? Prompt for AI Agents</summary> ``` Verify each finding against the current code and only fix it if needed. In `@lightapi/auth.py` around lines 187 - 190, The try/except around calling validator(username, password) is catching bare Exception which masks programming errors; update the block in which validator is invoked (the call that assigns payload) to catch only the specific exceptions the validator can raise (e.g., ValidationError or AuthError) or catch Exception as e, log the unexpected error, and re-raise it—ensure you reference the validator function and the variables username, password and payload so the handler only swallows known validation errors and does not hide other exceptions. ``` </details> </blockquote></details> <details> <summary>lightapi/yaml_loader.py (1)</summary><blockquote> `113-117`: **Silently returning uninspectable callables may cause runtime failures.** When `inspect.signature(fn)` raises `ValueError` for builtins or C extensions, the function returns `fn` without validating arity. If such a callable has wrong arity, the first login attempt will fail with a confusing error instead of failing at config time. Consider either documenting this limitation or raising a warning/error when signature inspection fails. <details> <summary>Suggested approach</summary> ```diff try: sig = inspect.signature(fn) except ValueError: # Some callables (e.g., builtins) don't have inspectable signatures - return fn + import warnings + warnings.warn( + f""Cannot validate signature of login_validator '{dotted_path}'. "" + ""Ensure it accepts (username, password) arguments."", + stacklevel=2, + ) + return fn ``` </details> <details> <summary>?? Prompt for AI Agents</summary> ``` Verify each finding against the current code and only fix it if needed. In `@lightapi/yaml_loader.py` around lines 113 - 117, The code currently swallows inspect.signature(fn) ValueError and returns fn, which defers arity errors to runtime; change this to fail-fast by replacing the bare return fn in the except ValueError block with a clear failure or warning: either raise a descriptive TypeError/ValueError (including the callable name and expected arity) so config loading fails immediately, or emit warnings.warn(...) with the same descriptive message so the user is alerted at load time; reference inspect.signature(fn), the except ValueError handler, and the current return fn to locate and update the logic. ``` </details> </blockquote></details> </blockquote></details> <details> <summary>?? Prompt for all review comments with AI agents</summary> ``` Verify each finding against the current code and only fix it if needed. Inline comments: In `@lightapi/auth.py`: - Line 2: Remove the unused symbol Any from the typing import in lightapi/auth.py to resolve the F401 lint error; update the import line that currently reads ""from typing import Any, Dict, Optional"" to only import the actually used names (Dict and Optional) so the file no longer imports unused Any. In `@lightapi/rate_limiter.py`: - Around line 139-140: The get_rate_limit_response function currently has an unused parameter named request which triggers Ruff ARG002; rename the parameter to _request (i.e., change the signature in get_rate_limit_response to use _request: Request) to mark it as intentionally unused, and update any internal references (there should be none) and call sites if they rely on named args—otherwise no further changes are needed. - Around line 29-34: The in-memory per-process counters in RateLimiter (the _store attribute in rate_limiter.py) are unsuitable for auth throttling because each worker gets its own RateLimiter instance, multiplying attacker budgets; replace the process-local _store with a shared backend (e.g., Redis) and use atomic/increment and expiry operations for windowed counters, or explicitly document and enforce single-process use. Concretely: modify RateLimiter to accept a pluggable storage client (e.g., redis_client) instead of _store, implement increment/get/cleanup via Redis commands (INCR, EXPIRE, HINCRBY/HGET, or Lua for multi-key atomicity) and update the code paths that instantiate RateLimiter so they pass a shared redis client; alternatively, if you cannot add shared storage now, add clear docs and runtime guard in RateLimiter to refuse use unless explicitly enabled for single-process mode. - Around line 118-135: The loop over windows currently updates per-window counters as it iterates, so a request that is later blocked still increments earlier window buckets (see the loop using for window_name, limit in windows and the writes to self._store[client_ip][window_key][current_time]); change the logic to first check all windows for violations without mutating state (calculate counts for each window using self._store reads), and only if no window would block, perform the writes for all relevant window_keys (i.e., move the self._store[...] assignment out of the initial loop and execute it once after all checks pass); this prevents rejected requests from consuming earlier buckets and preserves correct reporting of the blocking window. --- Duplicate comments: In `@lightapi/rate_limiter.py`: - Around line 83-90: The code falls back to client-controlled forwarded headers when request.client is missing; change get-client-ip logic to only parse X-Forwarded-For/X-Real-IP/X-Client-IP when an explicit trust setting is enabled. Add/consume a trust_proxy (bool) or trusted_proxies (list) flag on the rate limiter or calling context, check request.client first, and if missing only inspect forwarded headers when trust_proxy is true (or the parsed IP is validated against trusted_proxies); otherwise keep the fixed fallback (e.g., ""0.0.0.0""). Update the logic around request.client and request.headers to gate header parsing on trust_proxy/trusted_proxies. --- Nitpick comments: In `@lightapi/auth.py`: - Around line 187-190: The try/except around calling validator(username, password) is catching bare Exception which masks programming errors; update the block in which validator is invoked (the call that assigns payload) to catch only the specific exceptions the validator can raise (e.g., ValidationError or AuthError) or catch Exception as e, log the unexpected error, and re-raise it—ensure you reference the validator function and the variables username, password and payload so the handler only swallows known validation errors and does not hide other exceptions. In `@lightapi/yaml_loader.py`: - Around line 113-117: The code currently swallows inspect.signature(fn) ValueError and returns fn, which defers arity errors to runtime; change this to fail-fast by replacing the bare return fn in the except ValueError block with a clear failure or warning: either raise a descriptive TypeError/ValueError (including the callable name and expected arity) so config loading fails immediately, or emit warnings.warn(...) with the same descriptive message so the user is alerted at load time; reference inspect.signature(fn), the except ValueError handler, and the current return fn to locate and update the logic. ``` </details> --- <details> <summary>?? Review info</summary> <details> <summary>?? Run configuration</summary> **Configuration used**: defaults **Review profile**: CHILL **Plan**: Pro **Run ID**: `8bdab05a-3741-468f-889c-d4ba1cddf54a` </details> <details> <summary>?? Commits</summary> Reviewing files that changed from the base of the PR and between a92eb5df41d902d6f334d008b0505828c643d909 and 4b9e6d4709682fd40682e59da86414e2a34d91ed. </details> <details> <summary>?? Files selected for processing (4)</summary> * `lightapi/auth.py` * `lightapi/config.py` * `lightapi/rate_limiter.py` * `lightapi/yaml_loader.py` </details> </details> <!-- This is an auto-generated comment by CodeRabbit for review status -->",problem_identification
P001,pull_request_review,3919216989,"**Actionable comments posted: 15** > [!CAUTION] > Some comments are outside the diff and can’t be posted inline due to platform limitations. > > > > <details> > <summary>?? Outside diff range comments (3)</summary><blockquote> > > <details> > <summary>lightapi/auth.py (1)</summary><blockquote> > > `20-42`: _?? Potential issue_ | _?? Major_ > > **Please revert changes inside the frozen auth classes.** > > This PR edits both `BaseAuthentication` and `JWTAuthentication`, but those class bodies are explicitly frozen in this repository. Add the new behavior via new helpers/types rather than changing these two implementations. > > As per coding guidelines, ""lightapi/auth.py: Do not modify lightapi/auth.py: JWTAuthentication and BaseAuthentication class bodies are FROZEN"" > > > Also applies to: 59-154 > > <details> > <summary>?? Prompt for AI Agents</summary> > > ``` > Verify each finding against the current code and only fix it if needed. > > In `@lightapi/auth.py` around lines 20 - 42, Revert any edits to the frozen class > bodies for BaseAuthentication and JWTAuthentication in lightapi/auth.py so their > original implementations of methods like authenticate and > get_auth_error_response are restored; instead move the new behavior into a new > helper (e.g., a separate class or function such as CustomAuthHelper or > jwt_auth_helper) and update callers to use that helper where custom logic is > required, ensuring you do not change the BaseAuthentication or JWTAuthentication > class definitions themselves and that new helpers are defined in a new module or > below the frozen classes in the file. > ``` > > </details> > > </blockquote></details> > <details> > <summary>lightapi/lightapi.py (2)</summary><blockquote> > > `549-561`: _?? Potential issue_ | _?? Major_ > > **The auth pipeline still bypasses backend-specific 401 responses.** > > `_check_auth()` returns its own generic 401 instead of delegating to `authenticator.get_auth_error_response(request)`, so the new backends never get to emit `WWW-Authenticate` or scheme-specific bodies. > > <details> > <summary>Possible fix</summary> > > ```diff > - if not authenticator.authenticate(request): > - return JSONResponse( > - {""detail"": ""Authentication credentials invalid.""}, status_code=401 > - ) > + if not authenticator.authenticate(request): > + return authenticator.get_auth_error_response(request) > ``` > </details> > > <details> > <summary>?? Prompt for AI Agents</summary> > > ``` > Verify each finding against the current code and only fix it if needed. > > In `@lightapi/lightapi.py` around lines 549 - 561, The current _check_auth() > always returns a generic 401 JSONResponse when > authenticator.authenticate(request) fails, which prevents backends from > returning scheme-specific responses; change the failure path so that after > creating the authenticator (including the JWTAuthentication instantiation logic) > you check the result of authenticator.authenticate(request) and if it is falsy > call and return authenticator.get_auth_error_response(request) when that method > exists, otherwise fall back to the existing JSONResponse({""detail"": > ""Authentication credentials invalid.""}, status_code=401); keep using backend, > JWTAuthentication and authenticate/get_auth_error_response to locate the > relevant code. > ``` > > </details> > > --- > > `47-81`: _?? Potential issue_ | _?? Major_ > > **Keep these auth changes out of `lightapi/lightapi.py`.** > > This file is explicitly preserved as legacy, but the PR adds new constructor state, route registration, and auth behavior here. Please move this wiring into the non-legacy entrypoint instead of extending `lightapi/lightapi.py`. > > As per coding guidelines, ""lightapi/lightapi.py: Do not modify lightapi/lightapi.py; it is preserved as legacy until __init__.py rewrite absorbs it"" > > > Also applies to: 155-230, 549-556 > > <details> > <summary>?? Prompt for AI Agents</summary> > > ``` > Verify each finding against the current code and only fix it if needed. > > In `@lightapi/lightapi.py` around lines 47 - 81, The patch added auth and > route-related state into the legacy LightAPI constructor (symbols: > login_validator parameter, auth_path, self._login_validator, self._auth_path, > and the set_login_validator call) and also touched route/registration areas (see > other edits around lines noted). Revert these changes in lightapi/lightapi.py so > the legacy file remains unchanged, then move the wiring: accept > login_validator/auth_path and call set_login_validator from the non-legacy > entrypoint (the new package entry module), and initialize > route/endpoint/middleware/cors state there instead (use the same symbols: > self._routes, self._endpoint_map, self._middlewares, self._cors_origins). Ensure > the legacy file no longer modifies auth behavior or registers routes and that > all new behavior lives in the modern entrypoint module. > ``` > > </details> > > </blockquote></details> > > </blockquote></details> <details> <summary>?? Nitpick comments (1)</summary><blockquote> <details> <summary>tests/test_login_auth.py (1)</summary><blockquote> `530-548`: **Pin a single expected outcome for extra whitespace after `Basic`.** `assert resp.status_code in (200, 401)` makes this case non-diagnostic: the suite will pass whether the parser starts accepting or rejecting the same header. Once the contract is decided, assert that one behavior directly. <details> <summary>?? Prompt for AI Agents</summary> ``` Verify each finding against the current code and only fix it if needed. In `@tests/test_login_auth.py` around lines 530 - 548, The test test_login_basic_header_multiple_spaces_after_basic is nondeterministic because it allows either 200 or 401; change it to assert a single expected outcome (pick one behavior and enforce it). Replace the line ""assert resp.status_code in (200, 401)"" with a strict assertion, e.g. ""assert resp.status_code == 401"" (or ""== 200"" if you decide to accept extra spaces), and remove the conditional block that checks resp.status_code == 200 (or update it to a direct assertion of the JSON when expecting 200); update the test docstring to reflect the chosen contract so test_login_basic_header_multiple_spaces_after_basic documents the expected behavior. ``` </details> </blockquote></details> </blockquote></details> <details> <summary>?? Prompt for all review comments with AI agents</summary> ``` Verify each finding against the current code and only fix it if needed. Inline comments: In `@docs/examples/yaml-configuration.md`: - Around line 25-26: The YAML docs omit the jwt_algorithm setting; add a jwt_algorithm entry alongside jwt_expiration and jwt_extra_claims in the example (e.g., jwt_algorithm: HS256) and update the schema/documentation table to include defaults.authentication.jwt_algorithm with its description and allowed values (e.g., HS256, RS256) and default; this ensures the jwt_algorithm key is discoverable for YAML users and matches the configuration schema. In `@lightapi/_login.py`: - Around line 35-36: The auth-scheme checks currently use startswith(""Basic "") which is case-sensitive; update the checks that inspect auth_header (the one at lines checking startswith(""Basic "") and the similar block at 57-59) to perform a case-insensitive comparison (e.g., compare auth_header.lower().startswith(""basic "") or use a case-insensitive regex like re.match(r""^basic\s+"", auth_header, re.I)) so requests with ""basic"" or other case variants are correctly recognized as Basic auth before parsing the body. Ensure you update both occurrences that reference auth_header to the same case-insensitive approach. - Around line 77-78: The module-level rate limit on login_handler (decorated with rate_limit_auth_endpoint) uses a global auth limiter and causes cross-app/test interference; change the limiter to be app-scoped or test-configurable by removing or modifying the module-level decorator: either (a) remove the `@rate_limit_auth_endpoint` from login_handler and apply rate limiting when registering the route so each FastAPI/ASGI app can attach its own limiter instance, or (b) change rate_limit_auth_endpoint to obtain the limiter from the request/app state (e.g., request.app.state.auth_limiter) so tests can inject/disable a limiter per app; update route registration or app setup to create and attach a per-app limiter or a no-op limiter for tests. In `@lightapi/_registry.py`: - Around line 18-23: The global _state[""login_validator""] leaks validators across LightApi instances; change the design to store the validator per-app and read it from the app/registry context instead of the singleton. Specifically: remove usage of the global login_validator entry in _state, have LightApi.__init__ attach the validator to the instance-specific registry/metadata object (or keyed by registry id inside _state[""registry""]) and update BasicAuthentication.authenticate to fetch the validator from the incoming request's associated registry/metadata (or the registry-id keyed entry) rather than reading _state[""login_validator""]; update any helper code that reads/writes _state to use the per-registry slot so multiple apps/tests don’t overwrite each other. In `@lightapi/config.py`: - Around line 12-22: VALID_JWT_ALGORITHMS is defined as a mutable set which triggers RUF012 and risks accidental mutation; change it to an immutable collection (e.g., frozenset or tuple) and annotate it as a constant using typing.Final to signal immutability. Update the declaration of VALID_JWT_ALGORITHMS (the existing set literal) to use frozenset({...}) or a tuple of strings and add ""from typing import Final"" then declare VALID_JWT_ALGORITHMS: Final = frozenset(...) so linters and readers treat it as an immutable constant. Ensure any places that iterate over it still work with the chosen immutable type (frozenset supports membership and iteration). - Around line 61-73: The per-endpoint jwt_algorithm value must be validated at config parse time: in the initializer that sets self.jwt_algorithm (the function shown), check that the provided jwt_algorithm is either None or a member of the allowed algorithm list used by JWTAuthentication; if it is invalid, raise ConfigurationError immediately. Reference Authentication.jwt_algorithm and JWTAuthentication.__init__ behavior when implementing this check so invalid YAML/per-endpoint values are rejected during config parsing rather than failing later at runtime. In `@lightapi/lightapi.py`: - Around line 176-205: The register() logic inserts auth routes every time auth_backends contains JWTAuthentication or BasicAuthentication, causing duplicates; modify register() (which uses auth_backends, _make_login_endpoint, _auth_path, _routes, and _endpoint_map) to only add the login/token routes once by either: (a) introducing a one-time flag (e.g. self._auth_routes_registered) set after first insertion and skip subsequent inserts, or (b) checking _endpoint_map or existing entries in self._routes for f""{self._auth_path.rstrip('/')}/login"" and f""{self._auth_path.rstrip('/')}/token"" and replacing/skipping insertion if found. Ensure the chosen approach prevents duplicate insertions while preserving current behavior of _make_login_endpoint and route order. - Around line 76-81: The constructor is registering login_validator globally which makes it shared across all apps; remove the call to set_login_validator from LightApi.__init__ (keep self._login_validator and self._auth_path) and instead make authentication use the per-instance validator: update BasicAuthentication.authenticate (or the auth middleware) to read the validator from the app instance (e.g., request.app._login_validator) or accept the validator when the authentication object/middleware is created so each LightApi instance uses its own login_validator rather than the global set_login_validator registry. In `@lightapi/rate_limiter.py`: - Around line 46-47: The cleanup routine is passing full redis keys (e.g., ""auth:hour"" / ""auth:day"") into _get_window_seconds(), which only recognizes bare window names and thus returns 60 for unknown inputs; update _cleanup_old_entries (and the other occurrences referenced around lines 64-73 and 112) to extract the window suffix from the key (e.g., split the key on "":"" and use the last segment like ""minute""/""hour""/""day"") before calling _get_window_seconds(), so window_seconds is computed correctly for hourly and daily buckets used by is_rate_limited(). - Around line 75-85: The _get_client_ip function currently trusts X-Forwarded-For/X-Real-IP/X-Client-IP headers which can be forged; change it to default to request.client.host and only parse forwarded headers when the app is configured to trust proxies (e.g., a trusted_proxies set or a boolean like trust_proxy on the RateLimiter). Implement logic in _get_client_ip to: 1) obtain remote_addr = request.client.host (or ""0.0.0.0"" fallback), 2) if trust_proxy is enabled AND remote_addr is in trusted_proxies (or matches configured proxy CIDRs), then parse the forwarded headers and return the first non-empty IP; otherwise always return remote_addr. Update any constructor/initializer for the RateLimiter to accept the trust_proxy/trusted_proxies configuration and reference _get_client_ip accordingly. - Around line 130-144: get_rate_limit_response always returns the per-minute limit and a fixed 60s retry even when the hourly or daily quota caused the block; update get_rate_limit_response to detect which quota/window actually overflowed (minute/hour/day) using the rate limiter's counters or reset timestamps (e.g., attributes like requests_per_minute, requests_per_hour, requests_per_day and corresponding reset times or remaining counters on self) and return headers matching that window: set Retry-After to the actual seconds until that window resets, X-RateLimit-Limit to the correct window limit, X-RateLimit-Remaining to the remaining for that window (usually 0), and X-RateLimit-Reset to the epoch second when that window will reset; modify get_rate_limit_response to choose the longest blocking window when multiple quotas are exceeded. In `@lightapi/yaml_loader.py`: - Around line 404-419: The endpoint-level dict auth is currently overriding defaults so jwt_* fields are lost; fix by building a merged authentication source before reading jwt values (e.g. use the existing merge/helper used elsewhere such as _make_authentication or a per-field fallback) and read backend, jwt_expiration, jwt_extra_claims and jwt_algorithm from that merged object instead of from meta.authentication alone; update the block around attrs[""authentication""] (referencing meta.authentication, defaults.authentication, jwt_exp, jwt_claims, jwt_algo and Authentication) to use the merged auth source so default JWT settings persist when only permissions are overridden. - Around line 86-103: The _resolve_callable function currently only checks callable(), which allows async functions and wrong-arity callables; update _resolve_callable to (1) reject coroutine functions by using asyncio.iscoroutinefunction(fn) (or inspect.iscoroutinefunction) and raise ConfigurationError mentioning the dotted path, and (2) inspect the function signature (via inspect.signature(fn)) to ensure it accepts exactly two required positional parameters (username, password) — i.e., count parameters that are POSITIONAL_ONLY or POSITIONAL_OR_KEYWORD without defaults — and raise ConfigurationError if the arity is not exactly 2; keep the existing import resolution and only return fn after these validations so login_handler(username, password) can safely call it synchronously. In `@tests/test_auth.py`: - Around line 62-64: The helper _login_validator declares unused parameters and lacks a return annotation which trips Ruff ARG001 and mypy; update the signature of _login_validator to prefix the parameters with underscores (e.g., _username, _password) to mark them intentionally unused and add an explicit return type -> None so the function becomes def _login_validator(_username: str, _password: str) -> None: returning None. In `@tests/test_yaml_config.py`: - Around line 33-42: The helper _from_str is always passing a login_validator to LightApi.from_config (injecting _dummy_login_validator when JWT/Basic appears), which prevents YAML-specified auth.login_validator from being used; change _from_str to stop injecting a dummy: detect needs_validator but do not set login_validator when the caller passed None, and call LightApi.from_config without the login_validator kwarg unless login_validator was explicitly provided; apply the same conditional-kwarg pattern to the other occurrence noted (lines 347-367) so YAML dotted-path validators can be exercised. --- Outside diff comments: In `@lightapi/auth.py`: - Around line 20-42: Revert any edits to the frozen class bodies for BaseAuthentication and JWTAuthentication in lightapi/auth.py so their original implementations of methods like authenticate and get_auth_error_response are restored; instead move the new behavior into a new helper (e.g., a separate class or function such as CustomAuthHelper or jwt_auth_helper) and update callers to use that helper where custom logic is required, ensuring you do not change the BaseAuthentication or JWTAuthentication class definitions themselves and that new helpers are defined in a new module or below the frozen classes in the file. In `@lightapi/lightapi.py`: - Around line 549-561: The current _check_auth() always returns a generic 401 JSONResponse when authenticator.authenticate(request) fails, which prevents backends from returning scheme-specific responses; change the failure path so that after creating the authenticator (including the JWTAuthentication instantiation logic) you check the result of authenticator.authenticate(request) and if it is falsy call and return authenticator.get_auth_error_response(request) when that method exists, otherwise fall back to the existing JSONResponse({""detail"": ""Authentication credentials invalid.""}, status_code=401); keep using backend, JWTAuthentication and authenticate/get_auth_error_response to locate the relevant code. - Around line 47-81: The patch added auth and route-related state into the legacy LightAPI constructor (symbols: login_validator parameter, auth_path, self._login_validator, self._auth_path, and the set_login_validator call) and also touched route/registration areas (see other edits around lines noted). Revert these changes in lightapi/lightapi.py so the legacy file remains unchanged, then move the wiring: accept login_validator/auth_path and call set_login_validator from the non-legacy entrypoint (the new package entry module), and initialize route/endpoint/middleware/cors state there instead (use the same symbols: self._routes, self._endpoint_map, self._middlewares, self._cors_origins). Ensure the legacy file no longer modifies auth behavior or registers routes and that all new behavior lives in the modern entrypoint module. --- Nitpick comments: In `@tests/test_login_auth.py`: - Around line 530-548: The test test_login_basic_header_multiple_spaces_after_basic is nondeterministic because it allows either 200 or 401; change it to assert a single expected outcome (pick one behavior and enforce it). Replace the line ""assert resp.status_code in (200, 401)"" with a strict assertion, e.g. ""assert resp.status_code == 401"" (or ""== 200"" if you decide to accept extra spaces), and remove the conditional block that checks resp.status_code == 200 (or update it to a direct assertion of the JSON when expecting 200); update the test docstring to reflect the chosen contract so test_login_basic_header_multiple_spaces_after_basic documents the expected behavior. ``` </details> --- <details> <summary>?? Review info</summary> <details> <summary>?? Run configuration</summary> **Configuration used**: defaults **Review profile**: CHILL **Plan**: Pro **Run ID**: `bc4f1af1-c0e2-4c29-89f0-24a895db4abf` </details> <details> <summary>?? Commits</summary> Reviewing files that changed from the base of the PR and between b751271e521aa42aa26b2352d4c09a728935104e and 91cf264b512ead31b2e34380940e5fbac59497e0. </details> <details> <summary>? Files ignored due to path filters (1)</summary> * `uv.lock` is excluded by `!**/*.lock` </details> <details> <summary>?? Files selected for processing (14)</summary> * `README.md` * `docs/examples/yaml-configuration.md` * `lightapi/__init__.py` * `lightapi/_login.py` * `lightapi/_registry.py` * `lightapi/auth.py` * `lightapi/cache.py` * `lightapi/config.py` * `lightapi/lightapi.py` * `lightapi/rate_limiter.py` * `lightapi/yaml_loader.py` * `tests/test_auth.py` * `tests/test_login_auth.py` * `tests/test_yaml_config.py` </details> </details> <!-- This is an auto-generated comment by CodeRabbit for review status -->",problem_identification
P001,commit,cf06583ac007560744dbd54db20d31a9b67e829f,Bump version to 0.1.23,none
P001,commit,b8c803f91dfd7054028521f99020ecacaa104ce0,Bump version to 0.1.24,none
P001,commit,bbfe766e4c12c6b9a34ab08d7af2d4142137670e,Bump version to 0.1.27,none
P001,commit,5b1e3c9c56edb434c9597b886043f6f7213690fe,"feat: LightAPI v2 — annotation-driven REST framework with async support (#22) feat: LightAPI v2 — annotation-driven REST framework with async support Replaces the v1 aiohttp-based architecture with a unified Starlette + SQLAlchemy 2.0 stack. A single annotated RestEndpoint subclass now acts simultaneously as the ORM model, the Pydantic v2 schema, and the HTTP handler. Includes opt-in async I/O, background tasks, async middleware, and a complete documentation overhaul. CORE ENGINE - RestEndpointMeta metaclass: resolves PEP-563 string annotations via typing.get_type_hints(), builds SQLAlchemy 2.0 imperative-mapped tables, and generates two Pydantic v2 schemas (create/read) per class - Auto-injected columns on every endpoint: id (PK), created_at, updated_at, version (optimistic locking counter) - ORM-style inserts (session.add/flush/refresh) so created_at, updated_at, and version are correctly populated in POST responses - Dynamic Optional patch schema for PATCH partial updates; re-applies serializer field projection after model_dump() to prevent null bleed-through for non-serialized Optional fields - Read schema uses Optional[T] for all user fields (output only, not input) - Optimistic locking: PUT/PATCH require the current version; mismatch ? 409 - Replaced deprecated datetime.utcnow() with timezone-aware equivalent - Global SQLAlchemy registry singleton (lightapi/_registry.py) for shared metadata and engine state across all endpoint classes NEW MODULES - lightapi/fields.py — Field() wrapper that strips LightAPI-specific kwargs (unique, index, foreign_key, etc.) before passing to pydantic.Field - lightapi/methods.py — HttpMethod marker mixins (GET/POST/PUT/PATCH/DELETE) for restricting allowed verbs per endpoint class - lightapi/schema.py — SchemaFactory, _row_to_dict, _apply_fields helpers - lightapi/_registry.py — global registry/metadata/engine singleton - lightapi/session.py — get_sync_session and get_async_session context managers with automatic commit/rollback REFACTORED MODULES - lightapi/rest.py — RestEndpointMeta + RestEndpoint CRUD methods; async CRUD helpers (_list_async, _retrieve_async, _create_async, _update_async, _destroy_async); queryset() / async queryset() scoping; self.background() for fire-and-forget tasks - lightapi/lightapi.py — Starlette/Uvicorn-native LightApi; YAML from_config; async engine detection; Starlette on_startup for async table creation; async-capable middleware dispatch - lightapi/auth.py — AllowAny, IsAuthenticated, IsAdminUser permissions; JWTAuthentication with per-method permission dicts - lightapi/filters.py — FieldFilter (exact-match with type coercion), SearchFilter (iLIKE), OrderingFilter; BaseFilter ABC - lightapi/pagination.py — PageNumberPaginator and CursorPaginator with both sync paginate() and async paginate_async() methods - lightapi/config.py — Authentication, Filtering, Pagination, Serializer, Cache configuration dataclasses ASYNC SUPPORT - Opt-in: swap create_engine for create_async_engine — LightAPI detects AsyncEngine automatically and routes all built-in CRUD through async sessions - async def queryset and async def post/get/etc. detected via asyncio.iscoroutinefunction and awaited transparently - Background tasks via self.background(fn, *args) using Starlette BackgroundTasks - async def process() middleware coexists with sync middleware on the same app - Meta.reflect = True works with AsyncEngine via conn.run_sync(metadata.reflect) - Startup validation: missing async extras raise ConfigurationError with actionable install instructions - _coerce_filter_value in filters.py converts string query params to the correct Python type (bool/int/float) for strict databases like PostgreSQL - pyproject.toml: new [project.optional-dependencies.async] group (sqlalchemy[asyncio], asyncpg, aiosqlite, greenlet); pytest-asyncio added to dev deps; asyncio_mode = ""auto"" configured in pytest.ini CI - Python matrix updated from [3.8, 3.9, 3.10, 3.11] to [3.10, 3.11, 3.12] to match requires-python = "">=3.10"" (v2 uses PEP 604 X|Y union syntax and built-in list[]/dict[] generics unavailable before 3.10) - Install command corrected from .[test,dev] to .[dev,async] so the async test suite receives pytest-asyncio, aiosqlite, and asyncpg in CI LINT FIXES (flake8) - F821 (undefined names): add Optional/Dict to cache.py; replace Query/List with Any in filters.py and pagination.py - F401 (unused imports): remove hashlib from core.py; dead swagger route imports from core.py; os from database.py; inspect from handlers.py; List and sql_inspect from swagger.py; Any from auth.py - F811 (duplicate definition): remove no-op ParameterFilter that shadowed the real implementation in filters.py - F841 (unused variable): remove mapper = inspect(self.model) in handlers.py - F402 (shadowed import): remove inline import importlib inside for loop in lightapi.py (already imported at module level) TESTS 135 tests passing across: tests/test_crud.py — full CRUD + optimistic locking tests/test_auth.py — JWT, IsAuthenticated, IsAdminUser, AllowAny tests/test_filtering.py — FieldFilter, SearchFilter, OrderingFilter, page-number and cursor pagination tests/test_http_methods.py — HttpMethod mixin enforcement tests/test_middleware.py — pre/post hooks, short-circuit tests/test_queryset.py — custom queryset scoping tests/test_reflection.py — Meta.reflect existing tables tests/test_schema.py — SchemaFactory, auto-field exclusion tests/test_serializer.py — Serializer read/write projection tests/test_pipeline.py — _row_to_dict, _apply_fields tests/test_yaml_config.py — LightApi.from_config YAML bootstrap tests/test_async_crud.py — async CRUD + optimistic locking tests/test_async_queryset.py — async def queryset detection and awaiting tests/test_async_middleware.py — async def process coexistence tests/test_async_reflection.py — reflection with AsyncEngine tests/test_async_session.py — session commit/rollback, startup validation tests/test_background_tasks.py — self.background() sync and async callables tests/test_mixed_sync_async.py — sync + async endpoints on the same app DOCUMENTATION - README.md fully rewritten for v2 API - 20 documentation pages rewritten across getting-started/, tutorial/, advanced/, and api-reference/ — all v1 references (aiohttp, lightapi.models, lightapi.database, RESTEndpoint, Configuration inner class) removed - New docs/advanced/async.md comprehensive async reference page - docs/.pages nav: removed broken examples/ snippet-include section - 65+ deprecated v1 example files removed; replaced with 4 focused v2 examples: examples/v2_quickstart.py — minimal SQLite quickstart examples/v2_full_demo.py — full-feature PostgreSQL demo (CRUD, optimistic locking, filtering, pagination, serializer, JWT auth, HttpMethod mixins, custom queryset, cursor pagination, middleware) examples/smoke_async.py — end-to-end async smoke test (aiosqlite) examples/postgres_full.py — full async PostgreSQL demo (asyncpg) BREAKING CHANGES vs v1 - Endpoints no longer inherit from Base; field declarations replace explicit Column() definitions - LightApi(engine=...) replaces LightApi(database_url=...) as primary init - Meta inner class replaces Configuration inner class - Filtering/Pagination/Serializer/Cache/Authentication are config objects, not class attributes - HttpMethod mixins replace http_method_names list - aiohttp dependency removed; pure Starlette + Uvicorn stack",problem_identification
P002,commit,eea7ae205f06f6745d8b35c790ef1fa8d44dcddf,404 page might be displayed before the request reaches the session middleware,none
P002,commit,f14b9f6280e27d5f9414ccf48aacd1ea17c4378f,adds subscribers in period reports,none
P002,commit,d906e40a6f84a3b7ab16bdd4986483630c2c47d8,"do not show ""Remove from cart"" for balances due",none
P002,commit,659beeddd31881bb095e819c172499aad2453648,reflects what reports command do,problem_identification
P002,issue,319,"saas.models.Organization.DoesNotExist: Organization matching query does not exist. File ""/home/mboa/smileslot/.venv/lib/python3.12/site-packages/django/core/management/__init__.py"", line 436, in execute self.fetch_command(subcommand).run_from_argv(self.argv) File ""/home/mboa/smileslot/.venv/lib/python3.12/site-packages/django/core/management/base.py"", line 412, in run_from_argv self.execute(*args, **cmd_options) File ""/home/mboa/smileslot/.venv/lib/python3.12/site-packages/django/core/management/base.py"", line 458, in execute output = self.handle(*args, **options) ^^^^^^^^^^^^^^^^^^^^^^^^^^^^^ File ""/home/mboa/smileslot/commando/management/commands/load_test_transactions.py"", line 86, in handle self._handle(*args, **options) File ""/home/mboa/smileslot/commando/management/commands/load_test_transactions.py"", line 101, in _handle provider = Organization.objects.get(slug=options['provider']) ^^^^^^^^^^^^^^^^^^^^^^^^^^^^^^^^^^^^^^^^^^^^^^^^^^ File ""/home/mboa/smileslot/.venv/lib/python3.12/site-packages/django/db/models/manager.py"", line 87, in manager_method return getattr(self.get_queryset(), name)(*args, **kwargs) ^^^^^^^^^^^^^^^^^^^^^^^^^^^^^^^^^^^^^^^^^^^^^^^^^^^ File ""/home/mboa/smileslot/.venv/lib/python3.12/site-packages/django/db/models/query.py"", line 639, in get raise self.model.DoesNotExist( saas.models.Organization.DoesNotExist: Organization matching query does not exist.",problem_identification
P002,issue_comment,4480751715,@knivets stumbled up the same issue when he cloned the repository in a different directory than the default one.,problem_identification
P002,issue_comment,4239976494,This issue is often due to the initial_data fixtures not being loaded. i.e. missing the step: ``` python ./manage.py loaddata testsite/fixtures/initial_data.json ```,refinement
P002,pull_request,321,"CartItemManager.redeem AttributeError bugfix v2 This is similar to #320, however it also addresses an additional edge case. Feel free to merge either one",refinement
P002,pull_request,323,"Bump markdown from 3.4.4 to 3.8.1 in /testsite Bumps [markdown](https://github.com/Python-Markdown/markdown) from 3.4.4 to 3.8.1. <details> <summary>Release notes</summary> <p><em>Sourced from <a href=""https://github.com/Python-Markdown/markdown/releases"">markdown's releases</a>.</em></p> <blockquote> <h2>Release 3.8.1</h2> <h3>Fixed</h3> <ul> <li>Ensure incomplete markup declaration in raw HTML doesn't crash parser (<a href=""https://redirect.github.com/Python-Markdown/markdown/issues/1534"">#1534</a>).</li> <li>Fixed dropped content in <code>md_in_html</code> (<a href=""https://redirect.github.com/Python-Markdown/markdown/issues/1526"">#1526</a>).</li> <li>Fixed HTML handling corner case that prevented some content from not being rendered (<a href=""https://redirect.github.com/Python-Markdown/markdown/issues/1528"">#1528</a>).</li> </ul> <h2>Release 3.8</h2> <h3>Changed</h3> <ul> <li>DRY fix in <code>abbr</code> extension by introducing method <code>create_element</code> (<a href=""https://redirect.github.com/Python-Markdown/markdown/issues/1483"">#1483</a>).</li> <li>Clean up test directory by removing some redundant tests and port non-redundant cases to the newer test framework.</li> <li>Improved performance of the raw HTML post-processor (<a href=""https://redirect.github.com/Python-Markdown/markdown/issues/1510"">#1510</a>).</li> </ul> <h3>Fixed</h3> <ul> <li>Backslash Unescape IDs set via <code>attr_list</code> on <code>toc</code> (<a href=""https://redirect.github.com/Python-Markdown/markdown/issues/1493"">#1493</a>).</li> <li>Ensure <code>md_in_html</code> processes content inside &quot;markdown&quot; blocks as they are parsed outside of &quot;markdown&quot; blocks to keep things more consistent for third-party extensions (<a href=""https://redirect.github.com/Python-Markdown/markdown/issues/1503"">#1503</a>).</li> <li><code>md_in_html</code> handle tags within inline code blocks better (<a href=""https://redirect.github.com/Python-Markdown/markdown/issues/1075"">#1075</a>).</li> <li><code>md_in_html</code> fix handling of one-liner block HTML handling (<a href=""https://redirect.github.com/Python-Markdown/markdown/issues/1074"">#1074</a>).</li> <li>Ensure <code>&lt;center&gt;</code> is treated like a block-level element (<a href=""https://redirect.github.com/Python-Markdown/markdown/issues/1481"">#1481</a>).</li> <li>Ensure that <code>abbr</code> extension respects <code>AtomicString</code> and does not process perceived abbreviations in these strings (<a href=""https://redirect.github.com/Python-Markdown/markdown/issues/1512"">#1512</a>).</li> <li>Ensure <code>smarty</code> extension correctly renders nested closing quotes (<a href=""https://redirect.github.com/Python-Markdown/markdown/issues/1514"">#1514</a>).</li> </ul> <h2>Release 3.7</h2> <h3>Changed</h3> <h4>Refactor <code>abbr</code> Extension</h4> <p>A new <code>AbbrTreeprocessor</code> has been introduced, which replaces the now deprecated <code>AbbrInlineProcessor</code>. Abbreviation processing now happens after Attribute Lists, avoiding a conflict between the two extensions (<a href=""https://redirect.github.com/Python-Markdown/markdown/issues/1460"">#1460</a>).</p> <p>The <code>AbbrPreprocessor</code> class has been renamed to <code>AbbrBlockprocessor</code>, which better reflects what it is. <code>AbbrPreprocessor</code> has been deprecated.</p> <p>A call to <code>Markdown.reset()</code> now clears all previously defined abbreviations.</p> <p>Abbreviations are now sorted by length before executing <code>AbbrTreeprocessor</code> to ensure that multi-word abbreviations are implemented even if an abbreviation exists for one of those component words. (<a href=""https://redirect.github.com/Python-Markdown/markdown/issues/1465"">#1465</a>)</p> <p>Abbreviations without a definition are now ignored. This avoids applying abbr tags to text without a title value.</p> <p>Added an optional <code>glossary</code> configuration option to the abbreviations extension.</p> <!-- raw HTML omitted --> </blockquote> <p>... (truncated)</p> </details> <details> <summary>Changelog</summary> <p><em>Sourced from <a href=""https://github.com/Python-Markdown/markdown/blob/master/docs/changelog.md"">markdown's changelog</a>.</em></p> <blockquote> <h2>[3.8.1] - 2025-06-18</h2> <h3>Fixed</h3> <ul> <li>Ensure incomplete markup declaration in raw HTML doesn't crash parser (<a href=""https://redirect.github.com/Python-Markdown/markdown/issues/1534"">#1534</a>).</li> <li>Fixed dropped content in <code>md_in_html</code> (<a href=""https://redirect.github.com/Python-Markdown/markdown/issues/1526"">#1526</a>).</li> <li>Fixed HTML handling corner case that prevented some content from not being rendered (<a href=""https://redirect.github.com/Python-Markdown/markdown/issues/1528"">#1528</a>).</li> </ul> <h2>[3.8.0] - 2025-04-09</h2> <h3>Changed</h3> <ul> <li>DRY fix in <code>abbr</code> extension by introducing method <code>create_element</code> (<a href=""https://redirect.github.com/Python-Markdown/markdown/issues/1483"">#1483</a>).</li> <li>Clean up test directory by removing some redundant tests and port non-redundant cases to the newer test framework.</li> <li>Improved performance of the raw HTML post-processor (<a href=""https://redirect.github.com/Python-Markdown/markdown/issues/1510"">#1510</a>).</li> </ul> <h3>Fixed</h3> <ul> <li>Backslash Unescape IDs set via <code>attr_list</code> on <code>toc</code> (<a href=""https://redirect.github.com/Python-Markdown/markdown/issues/1493"">#1493</a>).</li> <li>Ensure <code>md_in_html</code> processes content inside &quot;markdown&quot; blocks as they are parsed outside of &quot;markdown&quot; blocks to keep things more consistent for third-party extensions (<a href=""https://redirect.github.com/Python-Markdown/markdown/issues/1503"">#1503</a>).</li> <li><code>md_in_html</code> handle tags within inline code blocks better (<a href=""https://redirect.github.com/Python-Markdown/markdown/issues/1075"">#1075</a>).</li> <li><code>md_in_html</code> fix handling of one-liner block HTML handling (<a href=""https://redirect.github.com/Python-Markdown/markdown/issues/1074"">#1074</a>).</li> <li>Ensure <code>&lt;center&gt;</code> is treated like a block-level element (<a href=""https://redirect.github.com/Python-Markdown/markdown/issues/1481"">#1481</a>).</li> <li>Ensure that <code>abbr</code> extension respects <code>AtomicString</code> and does not process perceived abbreviations in these strings (<a href=""https://redirect.github.com/Python-Markdown/markdown/issues/1512"">#1512</a>).</li> <li>Ensure <code>smarty</code> extension correctly renders nested closing quotes (<a href=""https://redirect.github.com/Python-Markdown/markdown/issues/1514"">#1514</a>).</li> </ul> <h2>[3.7.0] - 2024-08-16</h2> <h3>Changed</h3> <ul> <li> <p>Refactor <code>abbr</code> Extension</p> <p>A new <code>AbbrTreeprocessor</code> has been introduced, which replaces the now deprecated <code>AbbrInlineProcessor</code>. Abbreviation processing now happens after Attribute Lists, avoiding a conflict between the two extensions (<a href=""https://redirect.github.com/Python-Markdown/markdown/issues/1460"">#1460</a>).</p> <p>The <code>AbbrPreprocessor</code> class has been renamed to <code>AbbrBlockprocessor</code>, which better reflects what it is. <code>AbbrPreprocessor</code> has been deprecated.</p> <p>A call to <code>Markdown.reset()</code> now clears all previously defined abbreviations.</p> <p>Abbreviations are now sorted by length before executing <code>AbbrTreeprocessor</code> to ensure that multi-word abbreviations are implemented even if an abbreviation exists for one of those component words. (<a href=""https://redirect.github.com/Python-Markdown/markdown/issues/1465"">#1465</a>)</p> <p>Abbreviations without a definition are now ignored. This avoids applying</p> </li> </ul> <!-- raw HTML omitted --> </blockquote> <p>... (truncated)</p> </details> <details> <summary>Commits</summary> <ul> <li><a href=""https://github.com/Python-Markdown/markdown/commit/3870f20ba1dd214609b380e921dffc5f115730f5""><code>3870f20</code></a> Bump version to 3.8.1</li> <li><a href=""https://github.com/Python-Markdown/markdown/commit/820721485c928c6f97f3d74f37afb6d2450aef9e""><code>8207214</code></a> Ensure incomplete markup declaration in raw HTML doesn't crash parser.</li> <li><a href=""https://github.com/Python-Markdown/markdown/commit/64a3c0fbc00327fbfee1fd6b44da0e5453287fe4""><code>64a3c0f</code></a> Fix HTML handling of <code>\&lt;/&gt;</code></li> <li><a href=""https://github.com/Python-Markdown/markdown/commit/f2b9fd10f1fc7b0683f226e6a82da8e8375bccf5""><code>f2b9fd1</code></a> Ensure <code>md_in_html</code> does not drop content</li> <li><a href=""https://github.com/Python-Markdown/markdown/commit/513de8a0db81c840f917488af7078a45f74542bf""><code>513de8a</code></a> Update pypa/gh-action-pypi-publish to v1.12.4</li> <li><a href=""https://github.com/Python-Markdown/markdown/commit/b34e1d03387be771aa626241fe56f8f0c34243f2""><code>b34e1d0</code></a> Bump version to 3.8</li> <li><a href=""https://github.com/Python-Markdown/markdown/commit/e6b71632726c049ab9a7a1b42e816a67f422064b""><code>e6b7163</code></a> Update deploy workflow to normalize version</li> <li><a href=""https://github.com/Python-Markdown/markdown/commit/bd67d4862b388c7c2dd1ae90635c633472c2c77c""><code>bd67d48</code></a> Improve changelog validation</li> <li><a href=""https://github.com/Python-Markdown/markdown/commit/e912575a903215ebafaeb0fecbdad079d998b9ba""><code>e912575</code></a> Fix incorrect TOC list structure in docs</li> <li><a href=""https://github.com/Python-Markdown/markdown/commit/42d4b4336e97485b96c1e4e9fcdb4e8df2501217""><code>42d4b43</code></a> Fix CI badge in README</li> <li>Additional commits viewable in <a href=""https://github.com/Python-Markdown/markdown/compare/3.4.4...3.8.1"">compare view</a></li> </ul> </details> <br /> [![Dependabot compatibility score](https://dependabot-badges.githubapp.com/badges/compatibility_score?dependency-name=markdown&package-manager=pip&previous-version=3.4.4&new-version=3.8.1)](https://docs.github.com/en/github/managing-security-vulnerabilities/about-dependabot-security-updates#about-compatibility-scores) Dependabot will resolve any conflicts with this PR as long as you don't alter it yourself. You can also trigger a rebase manually by commenting `@dependabot rebase`. [//]: # (dependabot-automerge-start) [//]: # (dependabot-automerge-end) --- <details> <summary>Dependabot commands and options</summary> <br /> You can trigger Dependabot actions by commenting on this PR: - `@dependabot rebase` will rebase this PR - `@dependabot recreate` will recreate this PR, overwriting any edits that have been made to it - `@dependabot show <dependency name> ignore conditions` will show all of the ignore conditions of the specified dependency - `@dependabot ignore this major version` will close this PR and stop Dependabot creating any more for this major version (unless you reopen the PR or upgrade to it yourself) - `@dependabot ignore this minor version` will close this PR and stop Dependabot creating any more for this minor version (unless you reopen the PR or upgrade to it yourself) - `@dependabot ignore this dependency` will close this PR and stop Dependabot creating any more for this dependency (unless you reopen the PR or upgrade to it yourself) You can disable automated security fix PRs for this repo from the [Security Alerts page](https://github.com/djaodjin/djaodjin-saas/network/alerts). </details>",refinement
P002,pull_request,322,"Bump pyjwt from 2.12.0 to 2.13.0 in /testsite Bumps [pyjwt](https://github.com/jpadilla/pyjwt) from 2.12.0 to 2.13.0. <details> <summary>Release notes</summary> <p><em>Sourced from <a href=""https://github.com/jpadilla/pyjwt/releases"">pyjwt's releases</a>.</em></p> <blockquote> <h2>2.13.0</h2> <h1>PyJWT 2.13.0 — Security Release</h1> <p>This release bundles five security fixes plus three additional hardening / spec-compliance changes. We recommend all users upgrade.</p> <h2>Security</h2> <ul> <li> <p><strong><a href=""https://github.com/jpadilla/pyjwt/security/advisories/GHSA-xgmm-8j9v-c9wx""><code>GHSA-xgmm-8j9v-c9wx</code></a> — JWK JSON accepted as HMAC secret (algorithm confusion).</strong> <code>HMACAlgorithm.prepare_key</code> previously rejected PEM- and SSH-formatted asymmetric keys but did not catch a JWK passed as a raw JSON string. In a verifier configured with both symmetric and asymmetric algorithms in <code>algorithms=[…]</code> and a raw-JSON JWK as the key, an attacker could forge HS256 tokens using the JWK text as the HMAC secret. The guard has been extended to reject any JWK-shaped JSON. <em>Reported by <a href=""https://github.com/aradona91""><code>@?aradona91</code></a>.</em></p> </li> <li> <p><strong><a href=""https://github.com/jpadilla/pyjwt/security/advisories/GHSA-jq35-7prp-9v3f""><code>GHSA-jq35-7prp-9v3f</code></a> — Algorithm allow-list bypass with <code>PyJWK</code> / <code>PyJWKClient</code>.</strong> When verifying with a <code>PyJWK</code>, the caller's <code>algorithms=[…]</code> allow-list was checked against the token header <code>alg</code> as a string only; actual verification used the algorithm bound to the <code>PyJWK</code>. An attacker who controlled a registered JWKS key could sign with one algorithm and advertise another on the header. PyJWT now requires the token header <code>alg</code> to match the <code>PyJWK</code>'s algorithm before verification. <em>Reported by <a href=""https://github.com/sushi-gif""><code>@?sushi-gif</code></a>.</em></p> </li> <li> <p><strong><a href=""https://github.com/jpadilla/pyjwt/security/advisories/GHSA-w7vc-732c-9m39""><code>GHSA-w7vc-732c-9m39</code></a> — DoS via base64 decode of unused payload segment when <code>b64=false</code>.</strong> For detached-payload JWS (<code>b64=false</code>), the compact-form payload segment was base64-decoded before being discarded in favor of the caller-supplied <code>detached_payload</code>. An attacker could inflate the unused segment to force CPU + memory cost without holding a valid signature. The segment is now required to be empty per RFC 7515 Appendix F, and is no longer decoded. <em>Reported by <a href=""https://github.com/thesmartshadow""><code>@?thesmartshadow</code></a>.</em></p> </li> <li> <p><strong><a href=""https://github.com/jpadilla/pyjwt/security/advisories/GHSA-993g-76c3-p5m4""><code>GHSA-993g-76c3-p5m4</code></a> — <code>PyJWKClient</code> accepts non-HTTP(S) URIs.</strong> <code>PyJWKClient.fetch_data</code> passed its URI to <code>urllib.request.urlopen</code>, which by default also handles <code>file://</code>, <code>ftp://</code>, and <code>data:</code> schemes. An application that fed an attacker-influenced URI into <code>PyJWKClient</code> could be coerced into reading local files or reaching other unintended schemes. <code>PyJWKClient</code> now rejects any URI whose scheme isn't <code>http</code> or <code>https</code>. <em>Reported by <a href=""https://github.com/KEIJOT""><code>@?KEIJOT</code></a>.</em></p> </li> <li> <p><strong><a href=""https://github.com/jpadilla/pyjwt/security/advisories/GHSA-fhv5-28vv-h8m8""><code>GHSA-fhv5-28vv-h8m8</code></a> — <code>PyJWKClient</code> cache wiped on fetch error.</strong> A <code>finally</code>-block <code>put(jwk_set=None)</code> cleared the JWK Set cache whenever a fetch raised, turning a transient JWKS-endpoint outage into application-wide auth failure. The cache write was moved into the success path; transient errors no longer evict valid cached keys. <em>Reported by <a href=""https://github.com/eddieran""><code>@?eddieran</code></a>.</em></p> </li> </ul> <h2>Fixed</h2> <ul> <li>Reject empty HMAC keys outright in <code>HMACAlgorithm.prepare_key</code> with <code>InvalidKeyError</code> instead of accepting them with only a warning. Defends against the <code>os.getenv(&quot;JWT_SECRET&quot;, &quot;&quot;)</code> footgun. <em>Thanks to <a href=""https://github.com/SnailSploit""><code>@?SnailSploit</code></a> and <a href=""https://github.com/spartan8806""><code>@?spartan8806</code></a> for the reports.</em></li> <li>Forward per-call <code>options</code> (including <code>enforce_minimum_key_length</code>) from <code>PyJWT.decode</code> through to <code>PyJWS._verify_signature</code>. The option was previously silently dropped between the two layers, so it only took effect when set on the <code>PyJWT</code> instance. <em>Thanks to <a href=""https://github.com/WLUB""><code>@?WLUB</code></a> for the report.</em></li> <li><strong>RFC 7797 §3 compliance for <code>b64=false</code>:</strong> the encoder now auto-adds <code>&quot;b64&quot;</code> to <code>crit</code>, and the decoder rejects tokens that set <code>b64=false</code> without listing it in <code>crit</code>. <em>Thanks to <a href=""https://github.com/MachineLearning-Nerd""><code>@?MachineLearning-Nerd</code></a> for the report.</em></li> </ul> <h2>Changed</h2> <ul> <li>Migrate the <code>dev</code>, <code>docs</code>, and <code>tests</code> package extras to dependency groups, by <a href=""https://github.com/kurtmckee""><code>@?kurtmckee</code></a> in <a href=""https://redirect.github.com/jpadilla/pyjwt/pull/1152"">#1152</a>.</li> </ul> <h2>Upgrade notes</h2> <p>Most fixes are invisible to correctly-configured callers. A few behavioral changes you may encounter:</p> <ul> <li><strong>Empty HMAC keys now raise.</strong> If your app passed <code>&quot;&quot;</code> or <code>b&quot;&quot;</code> as a secret (often via a missing env var, e.g. <code>os.getenv(&quot;JWT_SECRET&quot;, &quot;&quot;)</code>), <code>encode</code>/<code>decode</code> will now raise <code>InvalidKeyError</code>. This is the intended behavior — fix the configuration.</li> <li><strong><code>PyJWK</code> decoding now requires the token's <code>alg</code> to match the JWK's algorithm.</strong> Previously a mismatch was silently honored if the header <code>alg</code> appeared in the allow-list. Tokens that relied on this mismatch will now fail with <code>InvalidAlgorithmError</code>.</li> <li><strong><code>PyJWKClient</code> now rejects non-HTTP(S) URIs at construction time.</strong> Tests or dev environments that fetched JWKS from <code>file://</code> URIs need to switch to a local HTTP server or load the JWKS by other means (e.g. construct <code>PyJWKSet.from_dict(...)</code> directly).</li> <li><strong><code>b64=false</code> tokens are now strictly RFC 7515 / 7797 compliant.</strong> Tokens with a non-empty compact-form payload segment, or that omit <code>&quot;b64&quot;</code> from <code>crit</code>, will be rejected. PyJWT-produced tokens always satisfy both invariants, so round-trips through PyJWT are unaffected.</li> <li><strong><code>enforce_minimum_key_length</code> set per-call now takes effect.</strong> Callers who passed <code>options={&quot;enforce_minimum_key_length&quot;: True}</code> to <code>jwt.decode()</code> previously got no enforcement; they will now get <code>InvalidKeyError</code> on undersized keys, as documented.</li> </ul> <p><strong>Full changelog:</strong> <a href=""https://github.com/jpadilla/pyjwt/compare/2.12.1...2.13.0"">https://github.com/jpadilla/pyjwt/compare/2.12.1...2.13.0</a></p> <h2>2.12.1</h2> <h2>What's Changed</h2> <ul> <li>Add typing_extensions dependency for Python &lt; 3.11 by <a href=""https://github.com/jpadilla""><code>@?jpadilla</code></a> in <a href=""https://redirect.github.com/jpadilla/pyjwt/pull/1151"">jpadilla/pyjwt#1151</a></li> </ul> <p><strong>Full Changelog</strong>: <a href=""https://github.com/jpadilla/pyjwt/compare/2.12.0...2.12.1"">https://github.com/jpadilla/pyjwt/compare/2.12.0...2.12.1</a></p> </blockquote> </details> <details> <summary>Changelog</summary> <p><em>Sourced from <a href=""https://github.com/jpadilla/pyjwt/blob/master/CHANGELOG.rst"">pyjwt's changelog</a>.</em></p> <blockquote> <h2><code>v2.13.0 &lt;https://github.com/jpadilla/pyjwt/compare/2.12.1...2.13.0&gt;</code>__</h2> <p>Security</p> <pre><code> - Reject JWK JSON documents passed as raw HMAC secrets in ``HMACAlgorithm.prepare_key`` to close an algorithm-confusion gap that the existing PEM/SSH guard did not cover. Reported by @aradona91 in `GHSA-xgmm-8j9v-c9wx &lt;https://github.com/jpadilla/pyjwt/security/advisories/GHSA-xgmm-8j9v-c9wx&gt;`__. - Bind the JWT header ``alg`` to ``PyJWK.algorithm_name`` during verification so the caller's ``algorithms=[...]`` allow-list cannot be bypassed when decoding with a ``PyJWK`` / ``PyJWKClient`` key. Reported by @sushi-gif in `GHSA-jq35-7prp-9v3f &lt;https://github.com/jpadilla/pyjwt/security/advisories/GHSA-jq35-7prp-9v3f&gt;`__. - Reject non-``http(s)`` URI schemes in ``PyJWKClient`` so attacker- influenced URIs cannot read local files or reach unintended schemes via urllib's default ``file://`` / ``ftp://`` / ``data:`` handlers. Reported by @KEIJOT in `GHSA-993g-76c3-p5m4 &lt;https://github.com/jpadilla/pyjwt/security/advisories/GHSA-993g-76c3-p5m4&gt;`__. - Preserve the cached JWK Set on fetch errors in ``PyJWKClient.fetch_data``. The previous ``finally``-block ``put(None)`` pattern cleared the cache on any transient outage, turning one bad JWKS request into application- wide auth failure. Reported by @eddieran in `GHSA-fhv5-28vv-h8m8 &lt;https://github.com/jpadilla/pyjwt/security/advisories/GHSA-fhv5-28vv-h8m8&gt;`__. - Skip the unconditional base64 decode of the compact-form payload segment when ``b64=false`` is set in the protected header, and require that segment to be empty (RFC 7515 Appendix F detached form). Closes an unauthenticated DoS amplifier. Reported by @thesmartshadow in `GHSA-w7vc-732c-9m39 &lt;https://github.com/jpadilla/pyjwt/security/advisories/GHSA-w7vc-732c-9m39&gt;`__. <p>Fixed</p> <pre><code> - Reject empty HMAC keys outright in ``HMACAlgorithm.prepare_key`` with ``InvalidKeyError`` instead of accepting them with only a warning. Thanks to @SnailSploit and @spartan8806 for independently flagging the footgun. - Forward per-call ``options`` (including ``enforce_minimum_key_length``) from ``PyJWT.decode`` through to ``PyJWS._verify_signature`` so the option actually takes effect when set at the call site rather than only on the ``PyJWT`` instance. Thanks to @WLUB for the report. - RFC 7797 §3 compliance for ``b64=false``: the encoder now auto-adds ``&amp;quot;b64&amp;quot;`` to the ``crit`` header parameter, and the decoder rejects tokens that set ``b64=false`` without listing it in ``crit``. Thanks to @MachineLearning-Nerd for the report. Changed </code></pre> <ul> <li>Migrate the <code>dev</code>, <code>docs</code>, and <code>tests</code> package extras to dependency groups by <a href=""https://github.com/kurtmckee""><code>@?kurtmckee</code></a> in <code>[#1152](https://github.com/jpadilla/pyjwt/issues/1152) &amp;lt;https://github.com/jpadilla/pyjwt/pull/1152&amp;gt;</code>__</li> </ul> <p><code>v2.12.1 &amp;lt;https://github.com/jpadilla/pyjwt/compare/2.12.0...2.12.1&amp;gt;</code>__ &lt;/tr&gt;&lt;/table&gt; </code></pre></p> </blockquote> <p>... (truncated)</p> </details> <details> <summary>Commits</summary> <ul> <li><a href=""https://github.com/jpadilla/pyjwt/commit/7144e4534c34810f4525dc4578a32addd8212cff""><code>7144e45</code></a> Apply ruff format</li> <li><a href=""https://github.com/jpadilla/pyjwt/commit/d2f4bec4963897c0ef96ef64a875894f2c8542ab""><code>d2f4bec</code></a> Restore <code>cast()</code> calls with cross-version <code>type: ignore</code> for <code>prepare_key</code></li> <li><a href=""https://github.com/jpadilla/pyjwt/commit/22f478cebddd8294259c30f037ecb92b0b348774""><code>22f478c</code></a> Remove redundant casts in <code>RSAAlgorithm.prepare_key</code> and `ECAlgorithm.prepare...</li> <li><a href=""https://github.com/jpadilla/pyjwt/commit/95791b1759b8aa4f2203575d344d5c78564cdc81""><code>95791b1</code></a> Bundle security fixes and hardening into 2.13.0</li> <li><a href=""https://github.com/jpadilla/pyjwt/commit/dcc27a9d3182a2349c30b160758785c6ce7a6508""><code>dcc27a9</code></a> [pre-commit.ci] pre-commit autoupdate (<a href=""https://redirect.github.com/jpadilla/pyjwt/issues/1155"">#1155</a>)</li> <li><a href=""https://github.com/jpadilla/pyjwt/commit/9d08a9a1896845ed8eaf88e6f6ac61e5800c3e7a""><code>9d08a9a</code></a> [pre-commit.ci] pre-commit autoupdate (<a href=""https://redirect.github.com/jpadilla/pyjwt/issues/1146"">#1146</a>)</li> <li><a href=""https://github.com/jpadilla/pyjwt/commit/b87c10014d4109f0214fea188d00faaaf8a80e64""><code>b87c100</code></a> Bump codecov/codecov-action from 5 to 6 (<a href=""https://redirect.github.com/jpadilla/pyjwt/issues/1154"">#1154</a>)</li> <li><a href=""https://github.com/jpadilla/pyjwt/commit/40e3147eb5f790d8d041772e5fc00728a176c812""><code>40e3147</code></a> Migrate development extras to dependency groups (<a href=""https://redirect.github.com/jpadilla/pyjwt/issues/1152"">#1152</a>)</li> <li><a href=""https://github.com/jpadilla/pyjwt/commit/a4e1a3d1218b01c5806420b8f16d9308ac4adc30""><code>a4e1a3d</code></a> Add typing_extensions dependency for Python &lt; 3.11 (<a href=""https://redirect.github.com/jpadilla/pyjwt/issues/1151"">#1151</a>)</li> <li>See full diff in <a href=""https://github.com/jpadilla/pyjwt/compare/2.12.0...2.13.0"">compare view</a></li> </ul> </details> <br /> [![Dependabot compatibility score](https://dependabot-badges.githubapp.com/badges/compatibility_score?dependency-name=pyjwt&package-manager=pip&previous-version=2.12.0&new-version=2.13.0)](https://docs.github.com/en/github/managing-security-vulnerabilities/about-dependabot-security-updates#about-compatibility-scores) Dependabot will resolve any conflicts with this PR as long as you don't alter it yourself. You can also trigger a rebase manually by commenting `@dependabot rebase`. [//]: # (dependabot-automerge-start) [//]: # (dependabot-automerge-end) --- <details> <summary>Dependabot commands and options</summary> <br /> You can trigger Dependabot actions by commenting on this PR: - `@dependabot rebase` will rebase this PR - `@dependabot recreate` will recreate this PR, overwriting any edits that have been made to it - `@dependabot show <dependency name> ignore conditions` will show all of the ignore conditions of the specified dependency - `@dependabot ignore this major version` will close this PR and stop Dependabot creating any more for this major version (unless you reopen the PR or upgrade to it yourself) - `@dependabot ignore this minor version` will close this PR and stop Dependabot creating any more for this minor version (unless you reopen the PR or upgrade to it yourself) - `@dependabot ignore this dependency` will close this PR and stop Dependabot creating any more for this dependency (unless you reopen the PR or upgrade to it yourself) You can disable automated security fix PRs for this repo from the [Security Alerts page](https://github.com/djaodjin/djaodjin-saas/network/alerts). </details>",refinement
P002,pull_request,324,"Bump django from 6.0.4 to 6.0.5 in /testsite Bumps [django](https://github.com/django/django) from 6.0.4 to 6.0.5. <details> <summary>Commits</summary> <ul> <li><a href=""https://github.com/django/django/commit/8f8ad09659d728423a00e0a3b5f16da5c3a38e24""><code>8f8ad09</code></a> [6.0.x] Bumped version for 6.0.5 release.</li> <li><a href=""https://github.com/django/django/commit/44ad76efcbe3c4ca0f08bb9dabe916f6374596c9""><code>44ad76e</code></a> [6.0.x] Fixed CVE-2026-6907 -- Prevented caching of requests when Vary header...</li> <li><a href=""https://github.com/django/django/commit/1b0184aa657bc3f5859aeb0206e7c1e94e48b103""><code>1b0184a</code></a> [6.0.x] Fixed CVE-2026-35192 -- Ensured Vary header is sent when setting sess...</li> <li><a href=""https://github.com/django/django/commit/ad8f9e19e0897ea45ded7c046ff28daf6f773e92""><code>ad8f9e1</code></a> [6.0.x] Fixed CVE-2026-5766 -- Enforced DATA_UPLOAD_MAX_MEMORY_SIZE in Memory...</li> <li><a href=""https://github.com/django/django/commit/990ab01e70fd8f55e867b4a234c0ee242fd33fec""><code>990ab01</code></a> [6.0.x] Fixed <a href=""https://redirect.github.com/django/django/issues/37039"">#37039</a> -- Removed outdated note from QuerySet.iterator() docs.</li> <li><a href=""https://github.com/django/django/commit/f0c269f285ab58bfb4a120141d7dd41ff4f42b45""><code>f0c269f</code></a> [6.0.x] Fixed typo in stub release notes for 5.2.14.</li> <li><a href=""https://github.com/django/django/commit/8bcd15beeff6542acc381b83f50b061d62284c2b""><code>8bcd15b</code></a> [6.0.x] Fixed <a href=""https://redirect.github.com/django/django/issues/37067"">#37067</a> -- Added trailing slash in django_file_prefixes().</li> <li><a href=""https://github.com/django/django/commit/3cdec6454fb86e8d03a06944c0c68025733ed93f""><code>3cdec64</code></a> [6.0.x] Refs CVE-2026-25674 -- Clarified role of umask in upload permissions.</li> <li><a href=""https://github.com/django/django/commit/5dd5c70cf1056e8e04badb687f773e8f16bba257""><code>5dd5c70</code></a> [6.0.x] Added stub release notes and release date for 6.0.5 and 5.2.14.</li> <li><a href=""https://github.com/django/django/commit/8ee73415270a1a54daaec9bb529ad82c6f7a6d4c""><code>8ee7341</code></a> [6.0.x] Refs <a href=""https://redirect.github.com/django/django/issues/373"">#373</a>, <a href=""https://redirect.github.com/django/django/issues/34122"">#34122</a> -- Removed warning that ForeignObject is an interna...</li> <li>Additional commits viewable in <a href=""https://github.com/django/django/compare/6.0.4...6.0.5"">compare view</a></li> </ul> </details> <br /> [![Dependabot compatibility score](https://dependabot-badges.githubapp.com/badges/compatibility_score?dependency-name=django&package-manager=pip&previous-version=6.0.4&new-version=6.0.5)](https://docs.github.com/en/github/managing-security-vulnerabilities/about-dependabot-security-updates#about-compatibility-scores) Dependabot will resolve any conflicts with this PR as long as you don't alter it yourself. You can also trigger a rebase manually by commenting `@dependabot rebase`. [//]: # (dependabot-automerge-start) [//]: # (dependabot-automerge-end) --- <details> <summary>Dependabot commands and options</summary> <br /> You can trigger Dependabot actions by commenting on this PR: - `@dependabot rebase` will rebase this PR - `@dependabot recreate` will recreate this PR, overwriting any edits that have been made to it - `@dependabot show <dependency name> ignore conditions` will show all of the ignore conditions of the specified dependency - `@dependabot ignore this major version` will close this PR and stop Dependabot creating any more for this major version (unless you reopen the PR or upgrade to it yourself) - `@dependabot ignore this minor version` will close this PR and stop Dependabot creating any more for this minor version (unless you reopen the PR or upgrade to it yourself) - `@dependabot ignore this dependency` will close this PR and stop Dependabot creating any more for this dependency (unless you reopen the PR or upgrade to it yourself) You can disable automated security fix PRs for this repo from the [Security Alerts page](https://github.com/djaodjin/djaodjin-saas/network/alerts). </details>",reflection
P002,pull_request_review,4312849552,What is the reason to rename the variable `redeemed` to `coupon` in the loop iterating `CartItem`?,refinement
P002,pull_request,320,CartItemManager.redeem AttributeError bugfix Fixed a bug where CartItemManager.redeem() could trigger an AttributeError,none
P002,commit,9a87762f07dfacf07a74bbcdc948b0fdd3f2dc6d,makes a copy when creating `table` from `data`,none
P002,commit,ccf9cb60ce80e7bc63988a2a43cb2b6dd48cc737,applies coupon after advance discount (i.e. inverse order),none
P002,commit,1b98c971c4a5d2eac6f97f75de9250b1fbe540b6,adds `no_implicit_role` to always force a profile manager to accept requests,none
P002,commit,5908051751506d2081e02dfaaeb15f77fba4489e,orders agreements by title on legal page,refinement
P002,commit,941402323f588da8935f03db84e13d4b97de56a8,Merge pull request #321 from knivets/dima/coupon-bug-v2 CartItemManager.redeem AttributeError bugfix v2,none
P002,commit,c769e6fe3f2f17689b13ec3d2d018e4ece4667e3,reports top 5,none
P002,commit,5f6ec8d6e7d1bd9031c99abe196137006535dba8,updates test fixtures (2026),refinement
P002,commit,07502d8c97e4426fc32725cbfbf4837339fdb670,fixed a bug where CartItemManager.redeem could trigger an AttributeError,refinement
P003,commit,83046eba2acac9bdeb09096baa0429c3ac8dec43,Fix broken link to PayPal Developer Blog (#1189),refinement
P003,commit,19a26e66e7d87c119fe149c092cab36952f21107,Update link for understanding latency vs throughput (#1163),refinement
P003,commit,daa1233680a34ec2978985ced75bdbc979c58e44,Fix grammar in Motivation section (#1203),problem_identification
P003,commit,ae9bbd7b02d90b9866215de185217d33f39ab733,Fix link for UDP vs TCP (#1153),problem_identification
P003,issue,1294,System add prison,problem_identification
P003,issue,1254,Suggestion: section on cost-aware system design (per-seat vs per-call tradeoffs) Suggestion / discussion: would a section on **cost-aware system design** be welcome? Specifically: - Fan-out patterns and how per-call billing ends up cheaper than per-seat at scale - Cap-and-shed patterns when using metered third-party APIs - Tradeoffs between flat-rate vendor contracts vs pay-per-call I've been collecting real examples at `patl4588/awesome-saas-replacements`. Happy to draft a PR with a new subsection if this is in scope for the primer — or leave it out if you'd rather keep the focus narrower. Thanks for this repo — it's helped a lot of people.,problem_identification
P003,issue,1208,Blocking map_type_control_options - anvil.GoogleMap.MapTypeControlOptions instance The display options for the Map type control. Blocking permanent and system off users and admins,none
P003,issue,1268,"Suggestion: Add a structured system design learning path companion Hi maintainers — thank you for this incredible primer. Would you consider adding [StreamPrep](https://streamprep.dev) as a companion resource for candidates who need a structured progression plan in addition to reference material? Why this might help: - Primer = deep reference and concepts - StreamPrep = guided sequence and pacing - Useful for learners preparing on a timeline Happy to open a minimal PR if this is aligned. Suggested text: `- [StreamPrep](https://streamprep.dev) - Structured interview roadmap with guided progression, including system design practice.`",reflection
P003,issue_comment,4588035329,add prison,none
P003,issue_comment,4090578139,"Hi nilok Miss, Regarding the report for ""System off (Issue #1212),"" I am looking into the details you requested. The IP addresses 200.52.160.200 and 200.52.162.137 are currently [describe how they are impacting the system, e.g., being blocked by our firewall/causing downtime]. I will provide further clarification on the context of these addresses and the system status once [mention next step, e.g., the logs have been reviewed]. Best regards, Liv Bell On Thu, Mar 19, 2026, 8:25 AM nilokmiss-max ***@***.***> wrote: > *nilokmiss-max* left a comment (donnemartin/system-design-primer#1212) > <https://github.com/donnemartin/system-design-primer/issues/1212#issuecomment-4090115800> > Hi, > > I am writing regarding the issue report for ""System off (Issue #1212)."" > > Could you please provide more information or clarification regarding the > IP > blocking and system status mentioned in your report? Specifically, I would > like to understand the context of the addresses 200.52.160.200 and > 200.52.162.137 and how they are impacting the system. > > Best regards, > > nilok Miss > > > On Sun, Mar 15, 2026, 5:36 PM panteraruso7-byte ***@***.***> > wrote: > > > *panteraruso7-byte* created an issue > > (donnemartin/system-design-primer#1212) > > <https://github.com/donnemartin/system-design-primer/issues/1212> > > > > 189.194.28.50={{ lacnic system off permanent}}] > > User:** 200.52.160.200 blocking and system off > > User2:** 200.52.162.137 blocking and system off > > > > — > > Reply to this email directly, view it on GitHub > > <https://github.com/donnemartin/system-design-primer/issues/1212>, or > > unsubscribe > > < > https://github.com/notifications/unsubscribe-auth/B7VEKIUXEMVU2PVOSTAFYST4Q4V77AVCNFSM6AAAAACWSXBYW6VHI2DSMVQWIX3LMV43ASLTON2WKOZUGA3TSMZUHE3TANA> > > > . > > You are receiving this because you are subscribed to this thread.Message > > ID: ***@***.***> > > > > — > Reply to this email directly, view it on GitHub > <https://github.com/donnemartin/system-design-primer/issues/1212#issuecomment-4090115800>, > or unsubscribe > <https://github.com/notifications/unsubscribe-auth/B7XNSSSAMXU7JBYNXRBZGZL4RPYOFAVCNFSM6AAAAACWSXBYW6VHI2DSMVQWIX3LMV43OSLTON2WKQ3PNVWWK3TUHM2DAOJQGEYTKOBQGA> > . > You are receiving this because you are subscribed to this thread.Message > ID: ***@***.***> >",none
P003,issue_comment,4296349625,maybe you need a claude code?,none
P003,issue_comment,4689479228,dapet kan kode di nomor whatsapp ini 085691199616,experimentation
P003,pull_request,1271,"Add Discord and Notion architecture references ## Description Added real-world architecture references for two popular modern companies to the Company architectures section: ### Discord: - **How Discord Stores Trillions of Messages** - Covers their migration from MongoDB to Cassandra to ScyllaDB, a fascinating case study on database selection and migration at scale - **How Discord Scaled Elixir to 5,000,000 Concurrent Users** - Unique case study on using Elixir/BEAM VM for real-time communication at massive scale ### Notion: - **Notion's Data Infrastructure Journey** - Covers their data pipeline, analytics infrastructure, and how they handle data at scale - **Sharding Notion's Postgres to Scale** - Detailed write-up on their approach to sharding a relational database, a common system design interview topic ### Why: Discord and Notion are frequently discussed in system design interviews. Their engineering blogs provide excellent real-world examples of: - Database sharding strategies - Real-time messaging at scale - Migrating between database technologies - Scaling relational databases These additions bring the total company architectures to 20+ companies. ## Checklist - [x] Format matches existing entries - [x] Links are to official engineering blogs - [x] Content is relevant to system design interviews",refinement
P003,pull_request,1304,"test commit ## Review the Contributing Guidelines Before submitting a pull request, verify it meets all requirements in the [Contributing Guidelines](https://github.com/donnemartin/system-design-primer/blob/master/CONTRIBUTING.md). ### Translations See the [Contributing Guidelines](https://github.com/donnemartin/system-design-primer/blob/master/CONTRIBUTING.md). Verify you've: * Tagged the [language maintainer](https://github.com/donnemartin/system-design-primer/blob/master/TRANSLATIONS.md) * Prefixed the title with a language code * Example: ""ja: Fix ...""",refinement
P003,pull_request,1310,"Fix typo in Layer 4 load balancing section ## Summary Fixed a typo. - `source, destination IP addresses` ? `source and destination IP addresses`",refinement
P003,pull_request,1185,"Commit ## Review the Contributing Guidelines Before submitting a pull request, verify it meets all requirements in the [Contributing Guidelines](https://github.com/donnemartin/system-design-primer/blob/master/CONTRIBUTING.md). ### Translations See the [Contributing Guidelines](https://github.com/donnemartin/system-design-primer/blob/master/CONTRIBUTING.md). Verify you've: * Tagged the [language maintainer](https://github.com/donnemartin/system-design-primer/blob/master/TRANSLATIONS.md) * Prefixed the title with a language code * Example: ""ja: Fix ...""",problem_identification
P003,pull_request_review,4058393764,Fix critical bugs and add comprehensive testing infrastructure,problem_identification
P003,pull_request_review,4226634806,"## Pull request overview Updates translated documentation to replace a dead HBase architecture link (MapR) with the working Edureka article, aligning Japanese, Simplified Chinese, and Traditional Chinese READMEs with the English README and resolving #475. **Changes:** - Replaced the MapR HBase architecture URL with `https://www.edureka.co/blog/hbase-architecture/` in `README-ja.md`. - Replaced the MapR HBase architecture URL with `https://www.edureka.co/blog/hbase-architecture/` in `README-zh-Hans.md`. - Replaced the MapR HBase architecture URL with `https://www.edureka.co/blog/hbase-architecture/` in `README-zh-TW.md`. ### Reviewed changes Copilot reviewed 3 out of 3 changed files in this pull request and generated 1 comment. | File | Description | | ---- | ----------- | | README-ja.md | Updates HBase architecture references to the working Edureka URL. | | README-zh-Hans.md | Updates HBase architecture references to the working Edureka URL. | | README-zh-TW.md | Updates HBase architecture references to the working Edureka URL. | --- ?? <a href=""/donnemartin/system-design-primer/new/master?filename=.github/instructions/*.instructions.md"" class=""Link--inTextBlock"" target=""_blank"" rel=""noopener noreferrer"">Add Copilot custom instructions</a> for smarter, more guided reviews. <a href=""https://docs.github.com/en/copilot/customizing-copilot/adding-repository-custom-instructions-for-github-copilot"" class=""Link--inTextBlock"" target=""_blank"" rel=""noopener noreferrer"">Learn how to get started</a>.",problem_identification
P003,pull_request_review,4301314710,Copilot encountered an error and was unable to review this pull request. You can try again by re-requesting a review.,refinement
P003,pull_request_review,4215929419,"## Pull request overview This PR updates documentation links for the Redis entry in the NoSQL/key-value database sections of the main README and three translated READMEs, replacing a dead third-party URL with an official Redis page. It fits the codebase as a documentation-maintenance change intended to keep learning resources current across localized docs. **Changes:** - Replaced the broken `qnimate.com` Redis link in `README.md`. - Applied the same link update to the Japanese, Simplified Chinese, and Traditional Chinese READMEs. - Kept the Redis reference aligned across the translated documentation files. ### Reviewed changes Copilot reviewed 4 out of 4 changed files in this pull request and generated 4 comments. | File | Description | | ---- | ----------- | | README.md | Updates the Redis reference in the English NoSQL resources list. | | README-zh-TW.md | Updates the same Redis reference in the Traditional Chinese README. | | README-zh-Hans.md | Updates the same Redis reference in the Simplified Chinese README. | | README-ja.md | Updates the same Redis reference in the Japanese README. | --- ?? <a href=""/donnemartin/system-design-primer/new/master?filename=.github/instructions/*.instructions.md"" class=""Link--inTextBlock"" target=""_blank"" rel=""noopener noreferrer"">Add Copilot custom instructions</a> for smarter, more guided reviews. <a href=""https://docs.github.com/en/copilot/customizing-copilot/adding-repository-custom-instructions-for-github-copilot"" class=""Link--inTextBlock"" target=""_blank"" rel=""noopener noreferrer"">Learn how to get started</a>.",none
P003,pull_request,1237,Add Glitch Bug reporting system.,refinement
P004,commit,ed4fdc8910b047052002c80af94206e714ffc1f7,Improve event dispatch and window behavior,refinement
P004,commit,ceffc4da86eae70c3c9e132a6379704fb8dac372,Modernize keyboard constants and entity aliases,refinement
P004,commit,2f45ea1e52095f1852e342d6d2e9167e79b48a32,Add Python 3.14 to workflow matrix,refinement
P004,commit,1ad16f3bd445253648482430a24dcce8ee1281e2,Expand JavaScript module type hints,refinement
P004,pull_request,81,"Bump ujson from 5.12.0 to 5.13.0 Bumps [ujson](https://github.com/ultrajson/ultrajson) from 5.12.0 to 5.13.0. <details> <summary>Release notes</summary> <p><em>Sourced from <a href=""https://github.com/ultrajson/ultrajson/releases"">ujson's releases</a>.</em></p> <blockquote> <h2>5.13.0</h2> <h2>Added</h2> <ul> <li>Create manylinux2014 wheels (<a href=""https://redirect.github.com/ultrajson/ultrajson/issues/745"">#745</a>) <a href=""https://github.com/hugovk""><code>@?hugovk</code></a></li> <li>Add support for Python 3.15 (<a href=""https://redirect.github.com/ultrajson/ultrajson/issues/742"">#742</a>) <a href=""https://github.com/hugovk""><code>@?hugovk</code></a></li> <li>Disable global interpreter lock for freethreading (<a href=""https://redirect.github.com/ultrajson/ultrajson/issues/737"">#737</a>) <a href=""https://github.com/bwoodsend""><code>@?bwoodsend</code></a></li> <li>Re-enable building GraalPy wheels on macOS arm64 (<a href=""https://redirect.github.com/ultrajson/ultrajson/issues/733"">#733</a>) <a href=""https://github.com/timfel""><code>@?timfel</code></a></li> </ul> <h2>Changed</h2> <ul> <li>Move metadata from <code>setup.cfg</code> to <code>pyproject.toml</code> (<a href=""https://redirect.github.com/ultrajson/ultrajson/issues/736"">#736</a>) <a href=""https://github.com/hugovk""><code>@?hugovk</code></a></li> </ul> <h2>Fixed</h2> <ul> <li>Tighten UTF-8 validation for <code>ujson.dumps(b&quot;...&quot;, reject_bytes=False)</code> (169eaf36b1116fece5034ee79a7a0ef3f6deedcf) <a href=""https://github.com/bwoodsend""><code>@?bwoodsend</code></a></li> <li>Replace generated <code>version.h</code> with macro (<a href=""https://redirect.github.com/ultrajson/ultrajson/issues/735"">#735</a>) <a href=""https://github.com/hugovk""><code>@?hugovk</code></a></li> </ul> <h2>5.12.1</h2> <h2>Fixed</h2> <ul> <li>Fix encoding ref leak with non-English character (<a href=""https://redirect.github.com/ultrajson/ultrajson/issues/714"">#714</a>) <a href=""https://github.com/nhancdt2602""><code>@?nhancdt2602</code></a></li> <li>Fix memory leak when <code>ujson.dump()</code> is unable to write to its file (0bf630aaef59c0aafd0c8a4fc8bbe2a7bcefa853) <a href=""https://github.com/bwoodsend""><code>@?bwoodsend</code></a></li> </ul> <p>Note that pre-built wheels for graalpy on macOS have been omitted from this release due to infrastructural issues building them (<a href=""https://redirect.github.com/ultrajson/ultrajson/issues/731"">#731</a>).</p> </blockquote> </details> <details> <summary>Commits</summary> <ul> <li><a href=""https://github.com/ultrajson/ultrajson/commit/1a23a68bbc5aff84e3f78f65011362cf3389693c""><code>1a23a68</code></a> Create manylinux2014 wheels (<a href=""https://redirect.github.com/ultrajson/ultrajson/issues/745"">#745</a>)</li> <li><a href=""https://github.com/ultrajson/ultrajson/commit/bd943e855514db55c82c1fd6b86e2cc9d4a1f693""><code>bd943e8</code></a> Build separate manylinux2014 + modern wheels</li> <li><a href=""https://github.com/ultrajson/ultrajson/commit/87ae2dfcdb03df2b105c2e6eae28c1a2975ecfc0""><code>87ae2df</code></a> Create manylinux2014 wheels</li> <li><a href=""https://github.com/ultrajson/ultrajson/commit/209371e9db8518aca9e1f8a9dffe96bfb86d3c88""><code>209371e</code></a> Verify expected number of dists (<a href=""https://redirect.github.com/ultrajson/ultrajson/issues/743"">#743</a>)</li> <li><a href=""https://github.com/ultrajson/ultrajson/commit/6392258153eaf377413042c7fbfd299879db6e98""><code>6392258</code></a> Also check SHA of wheels in case manylinux version changes</li> <li><a href=""https://github.com/ultrajson/ultrajson/commit/a00edea9fdd6c1b1275b211839900726f57408d4""><code>a00edea</code></a> Verify expected number of dists</li> <li><a href=""https://github.com/ultrajson/ultrajson/commit/e24aeb771e54457641caa720a9131c7c68aa1f26""><code>e24aeb7</code></a> Fix utf-8 test for graalpy</li> <li><a href=""https://github.com/ultrajson/ultrajson/commit/9122ebe400327a81e58336d5818d1de32f5e60f9""><code>9122ebe</code></a> Replace pre-commit with prek to fix deprecation warning (<a href=""https://redirect.github.com/ultrajson/ultrajson/issues/744"">#744</a>)</li> <li><a href=""https://github.com/ultrajson/ultrajson/commit/0bbf9a3e2b396a7df34bb271cf7d3b84b92710c6""><code>0bbf9a3</code></a> Add support for Python 3.15 (<a href=""https://redirect.github.com/ultrajson/ultrajson/issues/742"">#742</a>)</li> <li><a href=""https://github.com/ultrajson/ultrajson/commit/90ddea2333bb1e0a8a8b04c4148ce3909dab3a30""><code>90ddea2</code></a> Replace pre-commit with prek to fix deprecation warning</li> <li>Additional commits viewable in <a href=""https://github.com/ultrajson/ultrajson/compare/5.12.0...5.13.0"">compare view</a></li> </ul> </details> <br /> [![Dependabot compatibility score](https://dependabot-badges.githubapp.com/badges/compatibility_score?dependency-name=ujson&package-manager=pip&previous-version=5.12.0&new-version=5.13.0)](https://docs.github.com/en/github/managing-security-vulnerabilities/about-dependabot-security-updates#about-compatibility-scores) Dependabot will resolve any conflicts with this PR as long as you don't alter it yourself. You can also trigger a rebase manually by commenting `@dependabot rebase`. [//]: # (dependabot-automerge-start) [//]: # (dependabot-automerge-end) --- <details> <summary>Dependabot commands and options</summary> <br /> You can trigger Dependabot actions by commenting on this PR: - `@dependabot rebase` will rebase this PR - `@dependabot recreate` will recreate this PR, overwriting any edits that have been made to it - `@dependabot show <dependency name> ignore conditions` will show all of the ignore conditions of the specified dependency - `@dependabot ignore this major version` will close this PR and stop Dependabot creating any more for this major version (unless you reopen the PR or upgrade to it yourself) - `@dependabot ignore this minor version` will close this PR and stop Dependabot creating any more for this minor version (unless you reopen the PR or upgrade to it yourself) - `@dependabot ignore this dependency` will close this PR and stop Dependabot creating any more for this dependency (unless you reopen the PR or upgrade to it yourself) You can disable automated security fix PRs for this repo from the [Security Alerts page](https://github.com/byteface/domonic/network/alerts). </details>",refinement
P004,pull_request,80,"Bump ujson from 5.12.0 to 5.12.1 Bumps [ujson](https://github.com/ultrajson/ultrajson) from 5.12.0 to 5.12.1. <details> <summary>Release notes</summary> <p><em>Sourced from <a href=""https://github.com/ultrajson/ultrajson/releases"">ujson's releases</a>.</em></p> <blockquote> <h2>5.12.1</h2> <h2>Fixed</h2> <ul> <li>Fix encoding ref leak with non-English character (<a href=""https://redirect.github.com/ultrajson/ultrajson/issues/714"">#714</a>) <a href=""https://github.com/nhancdt2602""><code>@?nhancdt2602</code></a></li> <li>Fix memory leak when <code>ujson.dump()</code> is unable to write to its file (0bf630aaef59c0aafd0c8a4fc8bbe2a7bcefa853) <a href=""https://github.com/bwoodsend""><code>@?bwoodsend</code></a></li> </ul> <p>Note that pre-built wheels for graalpy on macOS have been omitted from this release due to infrastructural issues building them (<a href=""https://redirect.github.com/ultrajson/ultrajson/issues/731"">#731</a>).</p> </blockquote> </details> <details> <summary>Commits</summary> <ul> <li><a href=""https://github.com/ultrajson/ultrajson/commit/7d9036f4896256ac772fdb45d27d45463efe59cb""><code>7d9036f</code></a> Temporarily disable pre-built wheels for graalpy on macOS (<a href=""https://redirect.github.com/ultrajson/ultrajson/issues/730"">#730</a>)</li> <li><a href=""https://github.com/ultrajson/ultrajson/commit/0bf630aaef59c0aafd0c8a4fc8bbe2a7bcefa853""><code>0bf630a</code></a> Temporarily disable pre-built wheels for graalpy on macOS</li> <li><a href=""https://github.com/ultrajson/ultrajson/commit/46f75969b18e1d37da3ad0fbb1954d146e072c5d""><code>46f7596</code></a> Enable read access for CI/CD</li> <li><a href=""https://github.com/ultrajson/ultrajson/commit/82af1d0ac01d09aa40c887b460d44b9d9f4bccd9""><code>82af1d0</code></a> Fix failure cleanup paths in ujson.dump()</li> <li><a href=""https://github.com/ultrajson/ultrajson/commit/ceae6cd09dd1c29e747fa4041febcd4fdfd33c0a""><code>ceae6cd</code></a> Gitignore .fuse_hidden and .DS_Store files</li> <li><a href=""https://github.com/ultrajson/ultrajson/commit/dd87ed388816eb5a02bc6f752c27cda5df5c1aa1""><code>dd87ed3</code></a> Improve unit test coverage (<a href=""https://redirect.github.com/ultrajson/ultrajson/issues/718"">#718</a>)</li> <li><a href=""https://github.com/ultrajson/ultrajson/commit/ddbe2da83bd7fe9940eec1766bd75e21e76bc7d7""><code>ddbe2da</code></a> Update release-drafter/release-drafter action to v7.2.1 (<a href=""https://redirect.github.com/ultrajson/ultrajson/issues/717"">#717</a>)</li> <li><a href=""https://github.com/ultrajson/ultrajson/commit/3be5ae59f5548ec9a1fef56bfa2a005cfa5c6c09""><code>3be5ae5</code></a> Update release-drafter/release-drafter action to v7.2.1</li> <li><a href=""https://github.com/ultrajson/ultrajson/commit/9f90a8c797a20c19a80b78d340ac4251626c7494""><code>9f90a8c</code></a> Fix encoding ref leak with non-English character (<a href=""https://redirect.github.com/ultrajson/ultrajson/issues/714"">#714</a>)</li> <li><a href=""https://github.com/ultrajson/ultrajson/commit/f1574e57b8a31efaa9b1bfa530c672bc1fe3536d""><code>f1574e5</code></a> Hash pin GitHub Actions (<a href=""https://redirect.github.com/ultrajson/ultrajson/issues/715"">#715</a>)</li> <li>Additional commits viewable in <a href=""https://github.com/ultrajson/ultrajson/compare/5.12.0...5.12.1"">compare view</a></li> </ul> </details> <br /> [![Dependabot compatibility score](https://dependabot-badges.githubapp.com/badges/compatibility_score?dependency-name=ujson&package-manager=pip&previous-version=5.12.0&new-version=5.12.1)](https://docs.github.com/en/github/managing-security-vulnerabilities/about-dependabot-security-updates#about-compatibility-scores) Dependabot will resolve any conflicts with this PR as long as you don't alter it yourself. You can also trigger a rebase manually by commenting `@dependabot rebase`. [//]: # (dependabot-automerge-start) [//]: # (dependabot-automerge-end) --- <details> <summary>Dependabot commands and options</summary> <br /> You can trigger Dependabot actions by commenting on this PR: - `@dependabot rebase` will rebase this PR - `@dependabot recreate` will recreate this PR, overwriting any edits that have been made to it - `@dependabot show <dependency name> ignore conditions` will show all of the ignore conditions of the specified dependency - `@dependabot ignore this major version` will close this PR and stop Dependabot creating any more for this major version (unless you reopen the PR or upgrade to it yourself) - `@dependabot ignore this minor version` will close this PR and stop Dependabot creating any more for this minor version (unless you reopen the PR or upgrade to it yourself) - `@dependabot ignore this dependency` will close this PR and stop Dependabot creating any more for this dependency (unless you reopen the PR or upgrade to it yourself) You can disable automated security fix PRs for this repo from the [Security Alerts page](https://github.com/byteface/domonic/network/alerts). </details>",none
P004,pull_request,79,"Copilot ### **User description** Suggested edits from copilot ___ ### **PR Type** Enhancement, Documentation ___ ### **Description** - Remove archived POC files and old test examples - Update CDN library URLs to latest versions with simplified naming - Reorganize keyboard constants with grouped categories and special characters - Refactor HTTP status codes to use Enum and add MIME types dictionary - Update Python version support (3.9+) and add Python 3.14 to CI matrix - Improve README documentation with better formatting and contributing guidelines - Update dependency version constraints for flexibility ___ ### Diagram Walkthrough ```mermaid flowchart LR A[""Archive Cleanup""] --> B[""Code Modernization""] C[""CDN Updates""] --> B D[""Constants Refactor""] --> B E[""Python 3.14 Support""] --> B F[""Documentation Polish""] --> B B --> G[""Enhanced Project""] ``` <details><summary><h3>File Walkthrough</h3></summary> <table><thead><tr><th></th><th align=""left"">Relevant files</th></tr></thead><tbody><tr><td><strong>Miscellaneous</strong></td><td><details><summary>7 files</summary><table> <tr> <td><strong>poc.py</strong><dd><code>Remove proof of concept file</code>&nbsp; &nbsp; &nbsp; &nbsp; &nbsp; &nbsp; &nbsp; &nbsp; &nbsp; &nbsp; &nbsp; &nbsp; &nbsp; &nbsp; &nbsp; &nbsp; &nbsp; &nbsp; &nbsp; &nbsp; &nbsp; &nbsp; &nbsp; &nbsp; &nbsp; &nbsp; &nbsp; &nbsp; &nbsp; </dd></td> <td><a href=""https://github.com/byteface/domonic/pull/79/files#diff-6300dc09fc1d7482fb584bd3bfb773b3eccc30d53cd7218c77622abae4a3951b"">+0/-68</a>&nbsp; &nbsp; </td> </tr> <tr> <td><strong>poc1.py</strong><dd><code>Remove old POC implementation</code>&nbsp; &nbsp; &nbsp; &nbsp; &nbsp; &nbsp; &nbsp; &nbsp; &nbsp; &nbsp; &nbsp; &nbsp; &nbsp; &nbsp; &nbsp; &nbsp; &nbsp; &nbsp; &nbsp; &nbsp; &nbsp; &nbsp; &nbsp; &nbsp; &nbsp; &nbsp; &nbsp; &nbsp; </dd></td> <td><a href=""https://github.com/byteface/domonic/pull/79/files#diff-e6cddf56bd1d2222db73c362825242355b9defcb0d02764a6e46280f86dd4aa4"">+0/-278</a>&nbsp; </td> </tr> <tr> <td><strong>test.py</strong><dd><code>Remove archived test example</code>&nbsp; &nbsp; &nbsp; &nbsp; &nbsp; &nbsp; &nbsp; &nbsp; &nbsp; &nbsp; &nbsp; &nbsp; &nbsp; &nbsp; &nbsp; &nbsp; &nbsp; &nbsp; &nbsp; &nbsp; &nbsp; &nbsp; &nbsp; &nbsp; &nbsp; &nbsp; &nbsp; &nbsp; &nbsp; </dd></td> <td><a href=""https://github.com/byteface/domonic/pull/79/files#diff-4c15f20fe4dfa4066c93e21f6ef3c661b60d735f9c70168bd8e040a8c706a5d9"">+0/-179</a>&nbsp; </td> </tr> <tr> <td><strong>bs5_test_carousel.html</strong><dd><code>Remove Bootstrap carousel test file</code>&nbsp; &nbsp; &nbsp; &nbsp; &nbsp; &nbsp; &nbsp; &nbsp; &nbsp; &nbsp; &nbsp; &nbsp; &nbsp; &nbsp; &nbsp; &nbsp; &nbsp; &nbsp; &nbsp; &nbsp; &nbsp; &nbsp; </dd></td> <td><a href=""https://github.com/byteface/domonic/pull/79/files#diff-11506c7c49f07e318322097760022949f6ae8dd684ac9f3362c7c9c0884d06eb"">+0/-15</a>&nbsp; &nbsp; </td> </tr> <tr> <td><strong>bs5_test_checkout.html</strong><dd><code>Remove Bootstrap checkout test file</code>&nbsp; &nbsp; &nbsp; &nbsp; &nbsp; &nbsp; &nbsp; &nbsp; &nbsp; &nbsp; &nbsp; &nbsp; &nbsp; &nbsp; &nbsp; &nbsp; &nbsp; &nbsp; &nbsp; &nbsp; &nbsp; &nbsp; </dd></td> <td><a href=""https://github.com/byteface/domonic/pull/79/files#diff-b3a77e04fd57e6ca1949cdbeac4fcb3e82d23333ce1c94404e4f764a46c83d7c"">+0/-15</a>&nbsp; &nbsp; </td> </tr> <tr> <td><strong>bs5_test_dashboard.html</strong><dd><code>Remove Bootstrap dashboard test file</code>&nbsp; &nbsp; &nbsp; &nbsp; &nbsp; &nbsp; &nbsp; &nbsp; &nbsp; &nbsp; &nbsp; &nbsp; &nbsp; &nbsp; &nbsp; &nbsp; &nbsp; &nbsp; &nbsp; &nbsp; &nbsp; </dd></td> <td><a href=""https://github.com/byteface/domonic/pull/79/files#diff-be4135da95f286882a031f840f61207e45caad5147082600a9fdee1c63410908"">+0/-15</a>&nbsp; &nbsp; </td> </tr> <tr> <td><strong>project.sh</strong><dd><code>Remove project setup shell script</code>&nbsp; &nbsp; &nbsp; &nbsp; &nbsp; &nbsp; &nbsp; &nbsp; &nbsp; &nbsp; &nbsp; &nbsp; &nbsp; &nbsp; &nbsp; &nbsp; &nbsp; &nbsp; &nbsp; &nbsp; &nbsp; &nbsp; &nbsp; &nbsp; </dd></td> <td><a href=""https://github.com/byteface/domonic/pull/79/files#diff-4040543c886d6999cc147aa6db61b08928763dd20bb0986203d20160e6787e65"">+0/-55</a>&nbsp; &nbsp; </td> </tr> </table></details></td></tr><tr><td><strong>Enhancement</strong></td><td><details><summary>3 files</summary><table> <tr> <td><strong>CDN.py</strong><dd><code>Update CDN library URLs to latest versions</code>&nbsp; &nbsp; &nbsp; &nbsp; &nbsp; &nbsp; &nbsp; &nbsp; &nbsp; &nbsp; &nbsp; &nbsp; &nbsp; &nbsp; &nbsp; </dd></td> <td><a href=""https://github.com/byteface/domonic/pull/79/files#diff-45b635864b86481bbabdd655713a8ac68303a79e2862706275b72009c710401f"">+36/-41</a>&nbsp; </td> </tr> <tr> <td><strong>__init__.py</strong><dd><code>Refactor HTTP status codes and add MIME types</code>&nbsp; &nbsp; &nbsp; &nbsp; &nbsp; &nbsp; &nbsp; &nbsp; &nbsp; &nbsp; &nbsp; &nbsp; </dd></td> <td><a href=""https://github.com/byteface/domonic/pull/79/files#diff-40eacc3b1d97c7e42b3c966dc242f9c8e722511bb0b9326d7c6e25824f49334b"">+118/-135</a></td> </tr> <tr> <td><strong>keyboard.py</strong><dd><code>Reorganize keyboard codes with grouped categories</code>&nbsp; &nbsp; &nbsp; &nbsp; &nbsp; &nbsp; &nbsp; &nbsp; </dd></td> <td><a href=""https://github.com/byteface/domonic/pull/79/files#diff-1894a221002cd6d93e76cbbd1f1843c32056e3a8069898d1b8ada2de97fe54b9"">+149/-112</a></td> </tr> </table></details></td></tr><tr><td><strong>Configuration changes</strong></td><td><details><summary>2 files</summary><table> <tr> <td><strong>setup.py</strong><dd><code>Update Python version classifiers and support</code>&nbsp; &nbsp; &nbsp; &nbsp; &nbsp; &nbsp; &nbsp; &nbsp; &nbsp; &nbsp; &nbsp; &nbsp; </dd></td> <td><a href=""https://github.com/byteface/domonic/pull/79/files#diff-60f61ab7a8d1910d86d9fda2261620314edcae5894d5aaa236b821c7256badd7"">+1/-2</a>&nbsp; &nbsp; &nbsp; </td> </tr> <tr> <td><strong>python-package.yml</strong><dd><code>Add Python 3.14 and remove 3.8 from CI matrix</code>&nbsp; &nbsp; &nbsp; &nbsp; &nbsp; &nbsp; &nbsp; &nbsp; &nbsp; &nbsp; &nbsp; &nbsp; </dd></td> <td><a href=""https://github.com/byteface/domonic/pull/79/files#diff-ee49282f461b4c8ad179f79dd5bcdf93124561074c64a771366caf93e99b9320"">+1/-1</a>&nbsp; &nbsp; &nbsp; </td> </tr> </table></details></td></tr><tr><td><strong>Tests</strong></td><td><details><summary>1 files</summary><table> <tr> <td><strong>test_CDN.py</strong><dd><code>Update CDN test to use latest jQuery version</code>&nbsp; &nbsp; &nbsp; &nbsp; &nbsp; &nbsp; &nbsp; &nbsp; &nbsp; &nbsp; &nbsp; &nbsp; &nbsp; </dd></td> <td><a href=""https://github.com/byteface/domonic/pull/79/files#diff-f2e5988f846dc705d2feded00b4cd6479c2ea9151a241057d6369c2bb7b1ae84"">+2/-4</a>&nbsp; &nbsp; &nbsp; </td> </tr> </table></details></td></tr><tr><td><strong>Documentation</strong></td><td><details><summary>1 files</summary><table> <tr> <td><strong>README.md</strong><dd><code>Improve documentation formatting and guidelines</code>&nbsp; &nbsp; &nbsp; &nbsp; &nbsp; &nbsp; &nbsp; &nbsp; &nbsp; &nbsp; </dd></td> <td><a href=""https://github.com/byteface/domonic/pull/79/files#diff-b335630551682c19a781afebcf4d07bf978fb1f8ac04c6bf87428ed5106870f5"">+39/-55</a>&nbsp; </td> </tr> </table></details></td></tr><tr><td><strong>Dependencies</strong></td><td><details><summary>1 files</summary><table> <tr> <td><strong>requirements.txt</strong><dd><code>Update dependency version constraints</code>&nbsp; &nbsp; &nbsp; &nbsp; &nbsp; &nbsp; &nbsp; &nbsp; &nbsp; &nbsp; &nbsp; &nbsp; &nbsp; &nbsp; &nbsp; &nbsp; &nbsp; &nbsp; &nbsp; &nbsp; </dd></td> <td><a href=""https://github.com/byteface/domonic/pull/79/files#diff-4d7c51b1efe9043e44439a949dfd92e5827321b34082903477fd04876edb7552"">+6/-6</a>&nbsp; &nbsp; &nbsp; </td> </tr> </table></details></td></tr></tbody></table> </details> ___",none
P004,commit,679e113fd5b13d8f3e9a4ffed9d0256fe5301dbe,Harden JavaScript behavior and tests,experimentation
P004,commit,07c059fbdf98b3839cb54a3e68861dbf8336b2c8,Release 1.0.0 and fix CodeQL alerts,none
P004,commit,0e6dd684e2c522eb87bf19ec0ce477d30e0a330c,Prepare 1.0.0rc1 packaging metadata,none
P004,commit,dab217e73a4d8917bbd0b3b3dc497d462a4dfa49,Strengthen DOM and dQuery foundations,refinement
P004,commit,f0a5285a19e2f0748a6bebf7e947c2489a02a3d2,Tighten DOM-generated event semantics,none
P004,commit,9293fc6586a9679a3c18e8692c8a944dea311dbb,Finish insertAdjacent DOM helpers,none
P004,commit,b75bb7ae8c772cbdf5917ad3762f65d3a615dd5c,Refresh dev dependencies and acknowledge contributors,refinement
P004,commit,e526f9b5a493bd56983d776413b87339be320bcf,Polish JSON helpers templates and javascript,experimentation
P004,commit,9250342179490392cebeba3859c7cebedb667338,Strengthen JavaScript tests and core behavior,refinement
P004,commit,7b7100730daf142c6a4540e2a601e7f5fe66a91d,Fix Python 3.14 escape sequence syntax,refinement
P004,commit,7d57115fe031d808bc1bc226fd57d9c66e9cbf6e,Slim constants package entry point,none
P004,commit,837d80c7b70be609bbd61d03f8f73c9a312d3c04,Advance dQuery core behavior,none
P004,commit,d1c065ac40f59741c6f0f805d4aca1b8e9275623,Polish constants package exports,none
P004,commit,d1232163a5f4e74978bd2615a36ed9a58c8910af,"Enhance .gitignore with new entries Updated .gitignore to include additional OS, editor, and environment files.",refinement
P005,commit,5519e98f6159d08e5176c4ecbf08ae39aa0f01a2,Add tmp to gitignore.,problem_identification
P005,commit,00f38556adaea1ee4181846c23361a9b664c143e,Add SECURITY and CODE OF CONDUCT,refinement
P005,commit,4be1f243acea10cce71fc698563dfdf3b868003d,Add 3.13 and 3.14 to setup.py.,none
P005,commit,c919508d08789b4a83beba43aeb19318f6c37797,Use 3.14 for coverage and lint.,none
P005,issue,657,"Support for Python v3.13 **Environment information:** - OS: Windows - Python version: 3.13 - TabPy release: 2.10.0 **Describe the issue** Python 3.13 does not work with TabPy **To Reproduce** Use Python 3.13 with TabPy 2.10.0 **Expected behavior** Would like to have TabPy work with Python 3.13 and higher **Screenshots** If applicable, add screenshots to help explain your problem. **Additional context** Add any other context about the problem here.",refinement
P005,issue_comment,4624149953,Hi @sruthireddy1482. We've tested and verified Python 3.13 with the latest TabPy (https://github.com/tableau/TabPy/pull/659). Please update to 2.14.0 and follow up if there are other issues. Thanks.,none
P005,pull_request,660,Upgrade to macos-latest for push/pull_request CI,refinement
P005,pull_request,659,"Add 3.13 and 3.14 to Supported Python Versions Add 3.13 and 3.14, remove 3.9 due to EOL.",refinement
P005,pull_request,661,Fix `agrument` -> `argument` typo in server-config.md Line 264 of `docs/server-config.md` has `agrument` (transposed letters) in the description of the `-p` argument for password generation.,none
P005,commit,5120df35ad7862e88792ab4244e4e1b58c805bcc,2.14.0 changelog note.,none
P005,commit,d52c3c95f0f011f02f9eac7da1482a7e4a06cf1d,Merge pull request #656 from tableau/jimjag-patch-1 Add files via upload,refinement
P005,commit,2a14dfcf5bfedf635944e41ad73488d747d7fa0c,Update action versions.,refinement
P005,commit,760d2c5f1dc9bd789a85db4c6010beb98561f0b4,Switch push and pull_request back to macos-latest.,refinement
P005,commit,e7f213a00da76364110b915ebcf3d4cb2d27069e,Merge pull request #662 from tableau/add-security-and-coc Add SECURITY and CODE OF CONDUCT,experimentation
P005,commit,e719c193d5ae5ee998870204c3b0dba16b937d9a,Merge pull request #659 from tableau/python-version-support Add 3.13 and 3.14 to Supported Python Versions,experimentation
P005,commit,f9e02fd83e4c1963c3d337dc17a170c087c65da6,Use supported python versions in push and pull_request.,experimentation
P005,commit,e33feeafdf5a9ef71f768852f3ebbff2565ded3b,Bump TabPy version.,none
